id,name,driver_wage_category_id,is_standard,wage_cal_type,wage_cal_day,wage_cal_time,is_special_wage,service_type_id,seq,status,created_at,updated_at,deleted_at,created_by,updated_by,deleted_by
0d45dc3b-c59a-78d0-5580-e6eed7163f70,ธุรการ - ค่าเบี้ยขยัน,ธุรการ - ค่าเบี้ยขยัน,1,PER_MONTH,ALL,ALL,0,เช่าขับเอง,100,1,2023-05-22 23:16:16,2023-05-22 23:16:16,NULL,97c792f9-e0c0-44d5-8ce2-f2ccf54b49d7,97c792f9-e0c0-44d5-8ce2-f2ccf54b49d7,NULL
219d39be-efc4-c4a0-6f37-a24bb029d60e,ธุรการ - ค่าประกันล่วงเวลา (ข้อ 2-4),ธุรการ - ค่าประกันล่วงหน้า (ข้อ 2-4),1,PER_MONTH,ALL,ALL,0,เช่าขับเอง,100,1,2023-05-22 23:16:16,2023-05-22 23:16:16,NULL,97c792f9-e0c0-44d5-8ce2-f2ccf54b49d7,97c792f9-e0c0-44d5-8ce2-f2ccf54b49d7,NULL
4b0016f7-1b01-71d5-51d6-a288c07fdf8e,ธุรการ - ค่าบริการเพิ่มเติม (ข้อ 2-7),ธุรการ - ค่าบริการเพิ่มเติม (ข้อ 2-7),1,PER_MONTH,ALL,ALL,0,เช่าขับเอง,100,1,2023-05-22 23:16:16,2023-05-22 23:16:16,NULL,97c792f9-e0c0-44d5-8ce2-f2ccf54b49d7,97c792f9-e0c0-44d5-8ce2-f2ccf54b49d7,NULL
918e9144-d707-c86a-9fb8-4f0b8dfd3817,ธุรการ - ค่าล่วงเวลาวันหยุด,ธุรการ - ค่าล่วงเวลาวันหยุด,1,PER_HOUR,ALL,ALL,0,เช่าขับเอง,100,1,2023-05-22 23:16:16,2023-05-22 23:16:16,NULL,97c792f9-e0c0-44d5-8ce2-f2ccf54b49d7,97c792f9-e0c0-44d5-8ce2-f2ccf54b49d7,NULL
9a1d7ad3-c855-e6c7-6108-ed3540a5a145,ธุรการ - ค่าบริการเพิ่มเติม (ข้อ 1),ธุรการ - ค่าบริการเพิ่มเติม (ข้อ 1),1,PER_MONTH,ALL,ALL,0,เช่าขับเอง,100,1,2023-05-22 23:16:16,2023-05-22 23:16:16,NULL,97c792f9-e0c0-44d5-8ce2-f2ccf54b49d7,97c792f9-e0c0-44d5-8ce2-f2ccf54b49d7,NULL
a2d70358-3720-23b0-3f02-3f4677ef3ef7,ธุรการ - ค่าทำงานวันหยุด (ขั้นต่ำ 5ชม.),ธุรการ - ค่าทำงานวันหยุด (ขั้นต่ำ 5 ชม.),1,PER_HOUR,ALL,ALL,0,เช่าขับเอง,100,1,2023-05-22 23:16:16,2023-05-22 23:16:16,NULL,97c792f9-e0c0-44d5-8ce2-f2ccf54b49d7,97c792f9-e0c0-44d5-8ce2-f2ccf54b49d7,NULL
bc76c6a8-1b4d-1dfa-bde5-fe40744c0878,ธุรการ - ค่าล่วงเวลาวันทำงาน,ธุรการ - ค่าล่วงเวลาวันทำงาน,1,PER_HOUR,ALL,ALL,0,เช่าขับเอง,100,1,2023-05-22 23:16:16,2023-05-22 23:16:16,NULL,97c792f9-e0c0-44d5-8ce2-f2ccf54b49d7,97c792f9-e0c0-44d5-8ce2-f2ccf54b49d7,NULL
f1443898-5404-ae04-234e-a03408911520,ธุรการ - เงินเดือน,ธุรการ - เงินเดือน,1,PER_MONTH,ALL,ALL,0,เช่าขับเอง,100,1,2023-05-22 23:16:16,2023-05-22 23:16:16,NULL,97c792f9-e0c0-44d5-8ce2-f2ccf54b49d7,97c792f9-e0c0-44d5-8ce2-f2ccf54b49d7,NULL
f7804f1a-3092-bfaa-77bb-a7064f0b0799,ธุรการ - ค่าทักษะ,ธุรการ - ค่าทักษะ,1,PER_MONTH,ALL,ALL,0,เช่าขับเอง,100,1,2023-05-22 23:16:16,2023-05-22 23:16:16,NULL,97c792f9-e0c0-44d5-8ce2-f2ccf54b49d7,97c792f9-e0c0-44d5-8ce2-f2ccf54b49d7,NULL
0c319799-5b78-0dd3-8b59-99fbde10912c,(เชียงใหม่-เชียงราย) Bus&Sprinter - ประกันค่าเที่ยว,พขร - ประกันค่าเที่ยว,1,PER_MONTH,ALL,ALL,0,มินิโค้ช,100,1,2023-05-22 23:16:16,2023-05-22 23:16:16,NULL,97c792f9-e0c0-44d5-8ce2-f2ccf54b49d7,97c792f9-e0c0-44d5-8ce2-f2ccf54b49d7,NULL
25f6373c-46f2-4752-69ac-88b184874529,(ภูเก็ต) Bus&Sprinter - ค่าบริการเพิ่มเติม (ข้อ 1),พขร - ค่าบริการเพิ่มเติม (ข้อ 1),1,PER_MONTH,ALL,ALL,0,มินิโค้ช,100,1,2023-05-22 23:16:16,2023-05-22 23:16:16,NULL,97c792f9-e0c0-44d5-8ce2-f2ccf54b49d7,97c792f9-e0c0-44d5-8ce2-f2ccf54b49d7,NULL
4a728d11-8c42-e1e6-eb98-cd48b0486467,(ภูเก็ต) Bus&Sprinter - ค่าเที่ยว,พขร - ค่าเที่ยว,1,PER_TRIP,ALL,ALL,0,มินิโค้ช,100,1,2023-05-22 23:16:16,2023-05-22 23:16:16,NULL,97c792f9-e0c0-44d5-8ce2-f2ccf54b49d7,97c792f9-e0c0-44d5-8ce2-f2ccf54b49d7,NULL
4e16cac0-5ebc-0c0a-14ca-7a8137fa90f1,(ภูเก็ต) Bus&Sprinter - ค่าบริการดี,พขร - ค่าบริการดี,1,PER_MONTH,ALL,ALL,0,มินิโค้ช,100,1,2023-05-22 23:16:16,2023-05-22 23:16:16,NULL,97c792f9-e0c0-44d5-8ce2-f2ccf54b49d7,97c792f9-e0c0-44d5-8ce2-f2ccf54b49d7,NULL
4f4bdb15-7a2d-c56c-2882-958ce04cbdc1,(เชียงใหม่-เชียงราย) Bus&Sprinter - ค่าบริการดี,พขร - ค่าบริการดี,1,PER_MONTH,ALL,ALL,0,มินิโค้ช,100,1,2023-05-22 23:16:16,2023-05-22 23:16:16,NULL,97c792f9-e0c0-44d5-8ce2-f2ccf54b49d7,97c792f9-e0c0-44d5-8ce2-f2ccf54b49d7,NULL
553cf09f-05bc-723d-3164-1e9954a11d52,(ภูเก็ต) Bus&Sprinter - เงินเดือน,พขร - เงินเดือน,1,PER_MONTH,ALL,ALL,0,มินิโค้ช,100,1,2023-05-22 23:16:16,2023-05-22 23:16:16,NULL,97c792f9-e0c0-44d5-8ce2-f2ccf54b49d7,97c792f9-e0c0-44d5-8ce2-f2ccf54b49d7,NULL
56f20fce-82be-e364-c134-89e414ab685c,(เชียงใหม่-เชียงราย) Bus&Sprinter - ค่าเที่ยว,พขร - ค่าเที่ยว,1,PER_TRIP,ALL,ALL,0,มินิโค้ช,100,1,2023-05-22 23:16:16,2023-05-22 23:16:16,NULL,97c792f9-e0c0-44d5-8ce2-f2ccf54b49d7,97c792f9-e0c0-44d5-8ce2-f2ccf54b49d7,NULL
6b6b1db2-878f-b160-68f3-0f08de7e1e46,(เชียงใหม่-เชียงราย) Bus&Sprinter - ค่าทำงานในวันหยุด,พขร - ค่าทำงานในวันหยุด,1,PER_DAY,ALL,ALL,0,มินิโค้ช,100,1,2023-05-22 23:16:16,2023-05-22 23:16:16,NULL,97c792f9-e0c0-44d5-8ce2-f2ccf54b49d7,97c792f9-e0c0-44d5-8ce2-f2ccf54b49d7,NULL
6fac455e-97fb-f241-56e9-f6f6e4c60917,(เชียงใหม่-เชียงราย) Bus&Sprinter - ค่าภาษา,พขร - ค่าภาษา,1,PER_MONTH,ALL,ALL,0,มินิโค้ช,100,1,2023-05-22 23:16:16,2023-05-22 23:16:16,NULL,97c792f9-e0c0-44d5-8ce2-f2ccf54b49d7,97c792f9-e0c0-44d5-8ce2-f2ccf54b49d7,NULL
75739c54-dc6c-32aa-1701-66b80c8c90c1,(เชียงใหม่-เชียงราย) Bus&Sprinter - ค่าบริการเพิ่มเติม (ข้อ 2-5),พขร - ค่าบริการเพิ่มเติม (ข้อ 2-5),1,PER_MONTH,ALL,ALL,0,มินิโค้ช,100,1,2023-05-22 23:16:16,2023-05-22 23:16:16,NULL,97c792f9-e0c0-44d5-8ce2-f2ccf54b49d7,97c792f9-e0c0-44d5-8ce2-f2ccf54b49d7,NULL
97a8de23-7b25-3b13-aab8-0a63b36900e9,(ภูเก็ต) Bus&Sprinter - ค่าบริการเพิ่มเติม (ข้อ 2-5),พขร - ค่าบริการเพิ่มเติม (ข้อ 2-5),1,PER_MONTH,ALL,ALL,0,มินิโค้ช,100,1,2023-05-22 23:16:16,2023-05-22 23:16:16,NULL,97c792f9-e0c0-44d5-8ce2-f2ccf54b49d7,97c792f9-e0c0-44d5-8ce2-f2ccf54b49d7,NULL
993992f1-0241-4ac6-b39e-617369a220b2,(กทม) Bus&Sprinter - ค่าทำงานในวันหยุด,พขร - ค่าทำงานในวันหยุด,1,PER_DAY,ALL,ALL,0,มินิโค้ช,100,1,2023-05-22 10:19:34,2023-05-22 22:49:39,NULL,97c792f9-e0c0-44d5-8ce2-f2ccf54b49d7,97c792f9-e0c0-44d5-8ce2-f2ccf54b49d7,NULL
99399306-3769-4988-8326-4719fc42ca6e,(กทม) Bus&Sprinter - ค่าที่พักต่างจังหวัดกรณีไปค้างคืน,พขร - ค่าที่พักต่างจังหวัดกรณีไปค้างคืน,1,PER_DAY,ALL,ALL,0,มินิโค้ช,100,1,2023-05-22 10:19:48,2023-05-22 22:49:53,NULL,97c792f9-e0c0-44d5-8ce2-f2ccf54b49d7,97c792f9-e0c0-44d5-8ce2-f2ccf54b49d7,NULL
99399320-5657-4705-9406-e9fe70cd658b,(กทม) Bus&Sprinter - ค่าบริการดี,พขร - ค่าบริการดี,1,PER_MONTH,ALL,ALL,0,มินิโค้ช,100,1,2023-05-22 10:20:05,2023-05-22 22:50:07,NULL,97c792f9-e0c0-44d5-8ce2-f2ccf54b49d7,97c792f9-e0c0-44d5-8ce2-f2ccf54b49d7,NULL
99399334-e6ab-4d78-9de5-7e2cd4b2663e,(กทม) Bus&Sprinter - ค่าบริการเพิ่มเติม(ข้อ 1),พขร - ค่าบริการเพิ่มเติม(ข้อ 1),1,PER_MONTH,ALL,ALL,0,มินิโค้ช,100,1,2023-05-22 10:20:19,2023-05-22 22:50:23,NULL,97c792f9-e0c0-44d5-8ce2-f2ccf54b49d7,97c792f9-e0c0-44d5-8ce2-f2ccf54b49d7,NULL
99399349-1998-4b93-86a9-4c7dee307ac6,(กทม) Bus&Sprinter - ค่าบริการเพิ่มเติม(ข้อ 2-5),พขร - ค่าบริการเพิ่มเติม(ข้อ 2-5),1,PER_MONTH,ALL,ALL,0,มินิโค้ช,100,1,2023-05-22 10:20:32,2023-05-22 22:50:36,NULL,97c792f9-e0c0-44d5-8ce2-f2ccf54b49d7,97c792f9-e0c0-44d5-8ce2-f2ccf54b49d7,NULL
99399362-1f5c-4a35-b83d-7fcb134a4c62,(กทม) Bus&Sprinter - ค่าประกันเที่ยว,พขร - ค่าประกันเที่ยว,1,PER_MONTH,ALL,ALL,0,มินิโค้ช,100,1,2023-05-22 10:20:48,2023-05-22 22:50:49,NULL,97c792f9-e0c0-44d5-8ce2-f2ccf54b49d7,97c792f9-e0c0-44d5-8ce2-f2ccf54b49d7,NULL
99399373-5143-44fe-a535-8aefe6a48150,(กทม) Bus&Sprinter - ค่าเที่ยว,พขร - ค่าเที่ยว,1,PER_TRIP,ALL,ALL,0,มินิโค้ช,100,1,2023-05-22 10:20:59,2023-05-22 22:51:01,NULL,97c792f9-e0c0-44d5-8ce2-f2ccf54b49d7,97c792f9-e0c0-44d5-8ce2-f2ccf54b49d7,NULL
99399388-b5d1-45c1-81b6-1b06910d0787,(กทม) Bus&Sprinter - เงินเดือน,พขร - เงินเดือน,1,PER_MONTH,ALL,ALL,0,มินิโค้ช,100,1,2023-05-22 10:21:13,2023-05-22 22:51:43,NULL,97c792f9-e0c0-44d5-8ce2-f2ccf54b49d7,97c792f9-e0c0-44d5-8ce2-f2ccf54b49d7,NULL
b7fe9eb6-4007-7d20-a5ea-0dfc4da3254e,(เชียงใหม่-เชียงราย) Bus&Sprinter - ค่าที่พักต่างจังหวัดกรณีไปค้างคืน,พขร - ค่าที่พักต่างจังหวัดกรณีไปค้างคืน,1,PER_DAY,ALL,ALL,0,มินิโค้ช,100,1,2023-05-22 23:16:16,2023-05-22 23:16:16,NULL,97c792f9-e0c0-44d5-8ce2-f2ccf54b49d7,97c792f9-e0c0-44d5-8ce2-f2ccf54b49d7,NULL
e2bfdc33-997b-0544-dac3-38ca0b1296be,(ภูเก็ต) Bus&Sprinter - ประกันค่าเที่ยว,พขร - ประกันค่าเที่ยว,1,PER_MONTH,ALL,ALL,0,มินิโค้ช,100,1,2023-05-22 23:16:16,2023-05-22 23:16:16,NULL,97c792f9-e0c0-44d5-8ce2-f2ccf54b49d7,97c792f9-e0c0-44d5-8ce2-f2ccf54b49d7,NULL
ec6459aa-c0e3-d331-e543-f9a579faa5aa,(ภูเก็ต) Bus&Sprinter - ค่าทำงานในวันหยุด,พขร - ค่าทำงานในวันหยุด,1,PER_DAY,ALL,ALL,0,มินิโค้ช,100,1,2023-05-22 23:16:16,2023-05-22 23:16:16,NULL,97c792f9-e0c0-44d5-8ce2-f2ccf54b49d7,97c792f9-e0c0-44d5-8ce2-f2ccf54b49d7,NULL
ee9a7d0d-624e-6c2d-ed2e-e19169e8557e,(เชียงใหม่-เชียงราย) Bus&Sprinter - ค่าบริการเพิ่มเติม (ข้อ 1),พขร - ค่าบริการเพิ่มเติม (ข้อ 1),1,PER_MONTH,ALL,ALL,0,มินิโค้ช,100,1,2023-05-22 23:16:16,2023-05-22 23:16:16,NULL,97c792f9-e0c0-44d5-8ce2-f2ccf54b49d7,97c792f9-e0c0-44d5-8ce2-f2ccf54b49d7,NULL
fb618a2d-f02a-7443-a9db-2287dde5d009,(ภูเก็ต) Bus&Sprinter - ค่าที่พักต่างจังหวัดกรณีไปค้างคืน,พขร - ค่าที่พักต่างจังหวัดกรณีไปค้างคืน,1,PER_DAY,ALL,ALL,0,มินิโค้ช,100,1,2023-05-22 23:16:16,2023-05-22 23:16:16,NULL,97c792f9-e0c0-44d5-8ce2-f2ccf54b49d7,97c792f9-e0c0-44d5-8ce2-f2ccf54b49d7,NULL
fbc4b495-8edf-3971-0e6a-2ddffe252b73,(เชียงใหม่-เชียงราย) Bus&Sprinter - เงินเดือน,พขร - เงินเดือน,1,PER_MONTH,ALL,ALL,0,มินิโค้ช,100,1,2023-05-22 23:16:16,2023-05-22 23:16:16,NULL,97c792f9-e0c0-44d5-8ce2-f2ccf54b49d7,97c792f9-e0c0-44d5-8ce2-f2ccf54b49d7,NULL
238d63ad-26de-ef55-51c3-d59eb66bf19f,(เชียงใหม่-เชียงราย) Commuter - ค่าทำงานในวันหยุด,พขร - ค่าทำงานในวันหยุด,1,PER_DAY,ALL,ALL,0,รถตู้,100,1,2023-05-22 23:16:16,2023-05-22 23:16:16,NULL,97c792f9-e0c0-44d5-8ce2-f2ccf54b49d7,97c792f9-e0c0-44d5-8ce2-f2ccf54b49d7,NULL
483e0d6c-8012-6ba8-9d91-6676f37b15bc,(ภูเก็ต) Commuter - ค่าเที่ยว,พขร - ค่าเที่ยว,1,PER_TRIP,ALL,ALL,0,รถตู้,100,1,2023-05-22 23:16:16,2023-05-22 23:16:16,NULL,97c792f9-e0c0-44d5-8ce2-f2ccf54b49d7,97c792f9-e0c0-44d5-8ce2-f2ccf54b49d7,NULL
55e6608f-cda8-bd0c-b79e-5faf541cdd5f,(เชียงใหม่-เชียงราย) Commuter - ค่าบริการดี,พขร - ค่าบริการดี,1,PER_MONTH,ALL,ALL,0,รถตู้,100,1,2023-05-22 23:16:16,2023-05-22 23:16:16,NULL,97c792f9-e0c0-44d5-8ce2-f2ccf54b49d7,97c792f9-e0c0-44d5-8ce2-f2ccf54b49d7,NULL
5cce0251-bb98-64e8-8fd5-3ee5edb2679a,(ภูเก็ต) Commuter - ค่าบริการดี,พขร - ค่าบริการดี,1,PER_MONTH,ALL,ALL,0,รถตู้,100,1,2023-05-22 23:16:16,2023-05-22 23:16:16,NULL,97c792f9-e0c0-44d5-8ce2-f2ccf54b49d7,97c792f9-e0c0-44d5-8ce2-f2ccf54b49d7,NULL
61c7e3af-d5c3-192c-2a9d-fcff28300026,(เชียงใหม่-เชียงราย) Commuter - ค่าบริการเพิ่มเติม (ข้อ 1),พขร - ค่าบริการเพิ่มเติม (ข้อ 1),1,PER_MONTH,ALL,ALL,0,รถตู้,100,1,2023-05-22 23:16:16,2023-05-22 23:16:16,NULL,97c792f9-e0c0-44d5-8ce2-f2ccf54b49d7,97c792f9-e0c0-44d5-8ce2-f2ccf54b49d7,NULL
628631c5-09a6-97fc-cc63-bb0471e57e73,(เชียงใหม่-เชียงราย) Commuter - ค่าที่พักต่างจังหวัดกรณีไปค้างคืน,พขร - ค่าที่พักต่างจังหวัดกรณีไปค้างคืน,1,PER_DAY,ALL,ALL,0,รถตู้,100,1,2023-05-22 23:16:16,2023-05-22 23:16:16,NULL,97c792f9-e0c0-44d5-8ce2-f2ccf54b49d7,97c792f9-e0c0-44d5-8ce2-f2ccf54b49d7,NULL
657d8460-5c8d-4799-d8c2-d30175165c2e,(ภูเก็ต) Commuter - ค่าทำงานในวันหยุด,พขร - ค่าทำงานในวันหยุด,1,PER_DAY,ALL,ALL,0,รถตู้,100,1,2023-05-22 23:16:16,2023-05-22 23:16:16,NULL,97c792f9-e0c0-44d5-8ce2-f2ccf54b49d7,97c792f9-e0c0-44d5-8ce2-f2ccf54b49d7,NULL
67846449-4e6c-5d47-fef4-6bc0f92dbf4a,(ภูเก็ต) Commuter - ค่าบริการเพิ่มเติม (ข้อ 2-5),พขร - ค่าบริการเพิ่มเติม (ข้อ 2-5),1,PER_MONTH,ALL,ALL,0,รถตู้,100,1,2023-05-22 23:16:16,2023-05-22 23:16:16,NULL,97c792f9-e0c0-44d5-8ce2-f2ccf54b49d7,97c792f9-e0c0-44d5-8ce2-f2ccf54b49d7,NULL
6a463edf-8bce-2b43-b134-82af98345df4,(เชียงใหม่-เชียงราย) Commuter - ค่าบริการเพิ่มเติม (ข้อ 2-5),พขร - ค่าบริการเพิ่มเติม (ข้อ 2-5),1,PER_MONTH,ALL,ALL,0,รถตู้,100,1,2023-05-22 23:16:16,2023-05-22 23:16:16,NULL,97c792f9-e0c0-44d5-8ce2-f2ccf54b49d7,97c792f9-e0c0-44d5-8ce2-f2ccf54b49d7,NULL
6d9233a9-42ce-38fa-9ec2-1f4c41b9dbcc,(ภูเก็ต) Commuter - ค่าที่พักต่างจังหวัดกรณีไปค้างคืน,พขร - ค่าที่พักต่างจังหวัดกรณีไปค้างคืน,1,PER_DAY,ALL,ALL,0,รถตู้,100,1,2023-05-22 23:16:16,2023-05-22 23:16:16,NULL,97c792f9-e0c0-44d5-8ce2-f2ccf54b49d7,97c792f9-e0c0-44d5-8ce2-f2ccf54b49d7,NULL
857e38c9-7b97-bd8f-2d10-31cd0ca1e573,(ภูเก็ต) Commuter - ประกันค่าเที่ยว,พขร - ประกันค่าเที่ยว,1,PER_MONTH,ALL,ALL,0,รถตู้,100,1,2023-05-22 23:16:16,2023-05-22 23:16:16,NULL,97c792f9-e0c0-44d5-8ce2-f2ccf54b49d7,97c792f9-e0c0-44d5-8ce2-f2ccf54b49d7,NULL
8679bd91-90bf-510f-00b7-ccb4432f2118,(เชียงใหม่-เชียงราย) Commuter - ค่าภาษา,พขร - ค่าภาษา,1,PER_MONTH,ALL,ALL,0,รถตู้,100,1,2023-05-22 23:16:16,2023-05-22 23:16:16,NULL,97c792f9-e0c0-44d5-8ce2-f2ccf54b49d7,97c792f9-e0c0-44d5-8ce2-f2ccf54b49d7,NULL
8db97bd5-4a2d-ce08-5794-ad6f15f6cd3c,(ภูเก็ต) Commuter - เงินเดือน,พขร - เงินเดือน,1,PER_MONTH,ALL,ALL,0,รถตู้,100,1,2023-05-22 23:16:16,2023-05-22 23:16:16,NULL,97c792f9-e0c0-44d5-8ce2-f2ccf54b49d7,97c792f9-e0c0-44d5-8ce2-f2ccf54b49d7,NULL
991f6fad-92f9-4f12-b83a-0b81ed84a4a1,(กทม) Commuter - เงินเดือน,พขร - เงินเดือน,1,PER_MONTH,ALL,ALL,0,รถตู้,1,1,2023-05-09 10:29:26,2023-05-22 22:49:25,NULL,97c792fa-bf5b-460d-96f3-a46b705edc87,97c792fa-bf5b-460d-96f3-a46b705edc87,NULL
99398be8-eb5e-42b6-8b2a-f2d711194d8d,(กทม) Commuter - ค่าทำงานในวันหยุด,พขร - ค่าทำงานในวันหยุด,1,PER_DAY,ALL,ALL,0,รถตู้,2,1,2023-05-22 09:59:54,2023-05-22 22:47:16,NULL,97c792f9-e0c0-44d5-8ce2-f2ccf54b49d7,97c792f9-e0c0-44d5-8ce2-f2ccf54b49d7,NULL
99398c65-068b-44e8-8a2b-3c348660e980,(กทม) Commuter - ค่าที่พักต่างจังหวัดกรณีไปค้างคืน,พขร - ค่าที่พักต่างจังหวัดกรณีไปค้างคืน,1,PER_DAY,ALL,ALL,0,รถตู้,3,1,2023-05-22 10:01:16,2023-05-22 22:47:44,NULL,97c792f9-e0c0-44d5-8ce2-f2ccf54b49d7,97c792f9-e0c0-44d5-8ce2-f2ccf54b49d7,NULL
99398c8c-c9a4-4990-8781-d40be5833648,(กทม) Commuter - ค่าประกันเที่ยว,พขร - ค่าเที่ยว,1,PER_MONTH,ALL,ALL,0,รถตู้,10,1,2023-05-22 10:01:42,2023-05-22 22:48:56,NULL,97c792f9-e0c0-44d5-8ce2-f2ccf54b49d7,97c792f9-e0c0-44d5-8ce2-f2ccf54b49d7,NULL
99398cc2-48be-42ba-ac45-ffecba5deea1,(กทม) Commuter - ค่าเที่ยว,พขร - ค่าเที่ยว,1,PER_TRIP,ALL,ALL,0,รถตู้,10,1,2023-05-22 10:02:17,2023-05-22 22:49:11,NULL,97c792f9-e0c0-44d5-8ce2-f2ccf54b49d7,97c792f9-e0c0-44d5-8ce2-f2ccf54b49d7,NULL
99398cf2-9764-4aaf-8ee5-658d8dc759f5,(กทม) Commuter - ค่าบริการดี,พขร - ค่าบริการดี,1,PER_MONTH,ALL,ALL,0,รถตู้,10,1,2023-05-22 10:02:48,2023-05-22 22:48:01,NULL,97c792f9-e0c0-44d5-8ce2-f2ccf54b49d7,97c792f9-e0c0-44d5-8ce2-f2ccf54b49d7,NULL
99398d57-f1e5-4c4d-828d-b83cce0e82b5,(กทม) Commuter - ค่าบริการเพิ่มเติม(ข้อ 1),พขร - ค่าบริการเพิ่มเติม(ข้อ 1),1,PER_MONTH,ALL,ALL,0,รถตู้,10,1,2023-05-22 10:03:55,2023-05-22 22:48:21,NULL,97c792f9-e0c0-44d5-8ce2-f2ccf54b49d7,97c792f9-e0c0-44d5-8ce2-f2ccf54b49d7,NULL
99398d77-129e-43bf-83e0-05a10d9eef42,(กทม) Commuter - ค่าบริการเพิ่มเติม(ข้อ 2-5),พขร - ค่าบริการเพิ่มเติม(ข้อ 2-5),1,PER_MONTH,ALL,ALL,0,รถตู้,10,1,2023-05-22 10:04:15,2023-05-22 22:48:41,NULL,97c792f9-e0c0-44d5-8ce2-f2ccf54b49d7,97c792f9-e0c0-44d5-8ce2-f2ccf54b49d7,NULL
afc7052d-085f-e106-8764-f2e6cb22aa58,(เชียงใหม่-เชียงราย) Commuter - ค่าเที่ยว,พขร - ค่าเที่ยว,1,PER_TRIP,ALL,ALL,0,รถตู้,100,1,2023-05-22 23:16:16,2023-05-22 23:16:16,NULL,97c792f9-e0c0-44d5-8ce2-f2ccf54b49d7,97c792f9-e0c0-44d5-8ce2-f2ccf54b49d7,NULL
c3e8085c-ca13-1196-a73b-30316392d646,(เชียงใหม่-เชียงราย) Commuter - ประกันค่าเที่ยว,พขร - ประกันค่าเที่ยว,1,PER_MONTH,ALL,ALL,0,รถตู้,100,1,2023-05-22 23:16:16,2023-05-22 23:16:16,NULL,97c792f9-e0c0-44d5-8ce2-f2ccf54b49d7,97c792f9-e0c0-44d5-8ce2-f2ccf54b49d7,NULL
cd01e05f-3158-5ea0-1d96-823f702c7f78,(เชียงใหม่-เชียงราย) Commuter - เงินเดือน,พขร - เงินเดือน,1,PER_MONTH,ALL,ALL,0,รถตู้,100,1,2023-05-22 23:16:16,2023-05-22 23:16:16,NULL,97c792f9-e0c0-44d5-8ce2-f2ccf54b49d7,97c792f9-e0c0-44d5-8ce2-f2ccf54b49d7,NULL
f595cbf6-71ad-69f3-6c16-31a46a0867ee,(ภูเก็ต) Commuter - ค่าบริการเพิ่มเติม (ข้อ 1),พขร - ค่าบริการเพิ่มเติม (ข้อ 1),1,PER_MONTH,ALL,ALL,0,รถตู้,100,1,2023-05-22 23:16:16,2023-05-22 23:16:16,NULL,97c792f9-e0c0-44d5-8ce2-f2ccf54b49d7,97c792f9-e0c0-44d5-8ce2-f2ccf54b49d7,NULL
993aa5c1-2eec-423c-9314-9ce34bb3100e,(กทม) ลิมูซีน - ค่าทำงานในวันหยุด,พขร - ค่าทำงานในวันหยุด,1,PER_DAY,ALL,ALL,0,ลิมูซีน,100,1,2023-05-22 23:08:00,2023-05-22 23:08:00,NULL,97c792f9-e0c0-44d5-8ce2-f2ccf54b49d7,97c792f9-e0c0-44d5-8ce2-f2ccf54b49d7,NULL
993aa5e5-fc53-42fe-88fc-eee8049c64cf,(กทม) ลิมูซีน - ค่าที่พักต่างจังหวัดกรณีไปค้างคืน,พขร - ค่าที่พักต่างจังหวัดกรณีไปค้างคืน,1,PER_DAY,ALL,ALL,0,ลิมูซีน,100,1,2023-05-22 23:08:24,2023-05-22 23:08:24,NULL,97c792f9-e0c0-44d5-8ce2-f2ccf54b49d7,97c792f9-e0c0-44d5-8ce2-f2ccf54b49d7,NULL
993aa5fe-26fd-4813-b2fc-58d87fbc6a99,(กทม) ลิมูซีน - ค่าบริการดี,พขร - ค่าบริการดี,1,PER_MONTH,ALL,ALL,0,ลิมูซีน,100,1,2023-05-22 23:08:40,2023-05-22 23:08:40,NULL,97c792f9-e0c0-44d5-8ce2-f2ccf54b49d7,97c792f9-e0c0-44d5-8ce2-f2ccf54b49d7,NULL
993aa625-8d8f-4533-84b4-b26bb1be0db1,(กทม) ลิมูซีน - ค่าบริการเพิ่มเติม(ข้อ 1),พขร - ค่าบริการเพิ่มเติม(ข้อ 1),1,PER_MONTH,ALL,ALL,0,ลิมูซีน,100,1,2023-05-22 23:09:06,2023-05-22 23:09:06,NULL,97c792f9-e0c0-44d5-8ce2-f2ccf54b49d7,97c792f9-e0c0-44d5-8ce2-f2ccf54b49d7,NULL
993aa641-d0c9-4a34-be22-1d3a8b5492fc,(กทม) ลิมูซีน - ค่าบริการเพิ่มเติม(ข้อ 2-5),พขร - ค่าบริการเพิ่มเติม(ข้อ 2-5),1,PER_MONTH,ALL,ALL,0,ลิมูซีน,100,1,2023-05-22 23:09:24,2023-05-22 23:09:24,NULL,97c792f9-e0c0-44d5-8ce2-f2ccf54b49d7,97c792f9-e0c0-44d5-8ce2-f2ccf54b49d7,NULL
993aa664-39f5-4e8f-b260-d797bf972b37,(กทม) ลิมูซีน - ค่าประกันเที่ยว,พขร - ค่าประกันเที่ยว,1,PER_MONTH,ALL,ALL,0,ลิมูซีน,100,1,2023-05-22 23:09:47,2023-05-22 23:10:22,NULL,97c792f9-e0c0-44d5-8ce2-f2ccf54b49d7,97c792f9-e0c0-44d5-8ce2-f2ccf54b49d7,NULL
993aa684-adeb-466d-ba29-af15a1a6615e,(กทม) ลิมูซีน - ค่าเที่ยว,พขร - ค่าเที่ยว,1,PER_TRIP,ALL,ALL,0,ลิมูซีน,100,1,2023-05-22 23:10:08,2023-05-22 23:10:08,NULL,97c792f9-e0c0-44d5-8ce2-f2ccf54b49d7,97c792f9-e0c0-44d5-8ce2-f2ccf54b49d7,NULL
993aa6b8-7ab7-4d51-910c-3b5ae9418627,(กทม) ลิมูซีน - เงินเดือน,พขร - เงินเดือน,1,PER_MONTH,ALL,ALL,0,ลิมูซีน,100,1,2023-05-22 23:10:42,2023-05-22 23:10:42,NULL,97c792f9-e0c0-44d5-8ce2-f2ccf54b49d7,97c792f9-e0c0-44d5-8ce2-f2ccf54b49d7,NULL
993aa6db-5433-4bf9-b644-36d9cecdf896,(กทม) Shuttle Bus - ค่าทำงานในวันหยุด,พขร - ค่าทำงานในวันหยุด,1,PER_DAY,ALL,ALL,0,บัส,100,1,2023-05-22 23:11:05,2023-05-22 23:11:05,NULL,97c792f9-e0c0-44d5-8ce2-f2ccf54b49d7,97c792f9-e0c0-44d5-8ce2-f2ccf54b49d7,NULL
993aa6f4-8a56-4673-9944-e3185cc43833,(กทม) Shuttle Bus - ค่าที่พักต่างจังหวัดกรณีไปค้างคืน,พขร - ค่าที่พักต่างจังหวัดกรณีไปค้างคืน,1,PER_DAY,ALL,ALL,0,บัส,100,1,2023-05-22 23:11:21,2023-05-22 23:11:21,NULL,97c792f9-e0c0-44d5-8ce2-f2ccf54b49d7,97c792f9-e0c0-44d5-8ce2-f2ccf54b49d7,NULL
993aa70d-7f64-4e2d-94d6-b49a545445f1,(กทม) Shuttle Bus - ค่าบริการดี,พขร - ค่าบริการดี,1,PER_MONTH,ALL,ALL,0,บัส,100,1,2023-05-22 23:11:38,2023-05-22 23:11:38,NULL,97c792f9-e0c0-44d5-8ce2-f2ccf54b49d7,97c792f9-e0c0-44d5-8ce2-f2ccf54b49d7,NULL
993aa725-0dd3-4d78-9dcd-f800398647df,(กทม) Shuttle Bus - ค่าบริการเพิ่มเติม(ข้อ 1),พขร - ค่าบริการเพิ่มเติม(ข้อ 1),1,PER_MONTH,ALL,ALL,0,บัส,100,1,2023-05-22 23:11:53,2023-05-22 23:11:53,NULL,97c792f9-e0c0-44d5-8ce2-f2ccf54b49d7,97c792f9-e0c0-44d5-8ce2-f2ccf54b49d7,NULL
993aa73e-65e2-4bf8-ab57-1145f8708ef9,(กทม) Shuttle Bus - ค่าบริการเพิ่มเติม(ข้อ 2-5),พขร - ค่าบริการเพิ่มเติม(ข้อ 2-5),1,PER_MONTH,ALL,ALL,0,บัส,100,1,2023-05-22 23:12:10,2023-05-22 23:12:10,NULL,97c792f9-e0c0-44d5-8ce2-f2ccf54b49d7,97c792f9-e0c0-44d5-8ce2-f2ccf54b49d7,NULL
993aa755-3c49-4d27-a6cf-155d36d46478,(กทม) Shuttle Bus - ค่าประกันเที่ยว,พขร - ค่าประกันเที่ยว,1,PER_MONTH,ALL,ALL,0,บัส,100,1,2023-05-22 23:12:25,2023-05-22 23:12:25,NULL,97c792f9-e0c0-44d5-8ce2-f2ccf54b49d7,97c792f9-e0c0-44d5-8ce2-f2ccf54b49d7,NULL
993aa777-2af2-4614-b529-7e3d323a3cb1,(กทม) Shuttle Bus - ค่าเที่ยว,พขร - ค่าเที่ยว,1,PER_TRIP,ALL,ALL,0,บัส,100,1,2023-05-22 23:12:47,2023-05-22 23:12:47,NULL,97c792f9-e0c0-44d5-8ce2-f2ccf54b49d7,97c792f9-e0c0-44d5-8ce2-f2ccf54b49d7,NULL
993aa791-b149-4c01-b3cc-4adb1fc026ad,(กทม) Shuttle Bus - เงินเดือน,พขร - เงินเดือน,1,PER_MONTH,ALL,ALL,0,บัส,100,1,2023-05-22 23:13:04,2023-05-22 23:13:04,NULL,97c792f9-e0c0-44d5-8ce2-f2ccf54b49d7,97c792f9-e0c0-44d5-8ce2-f2ccf54b49d7,NULL
09ccf939-7cdf-807d-a52a-8c4707c4cd30,ขับนาย - เงินพิเศษค่าใบขับขี่เฉพาะ AOT/เดือน,พขร - เงินพิเศษค่าใบขับขี่เฉพาะ AOT/เดือน,1,PER_MONTH,ALL,ALL,0,เช่าขับเอง,100,1,2023-05-22 23:16:16,2023-05-22 23:16:16,NULL,97c792f9-e0c0-44d5-8ce2-f2ccf54b49d7,97c792f9-e0c0-44d5-8ce2-f2ccf54b49d7,NULL
14226aeb-a588-b6ee-ed86-04fe2eb022f4,ขับนาย - ค่าล่วงเวลาวันหยุด,พขร - ค่าล่วงเวลาวันหยุด,1,PER_HOUR,ALL,ALL,0,เช่าขับเอง,100,1,2023-05-22 23:16:16,2023-05-22 23:16:16,NULL,97c792f9-e0c0-44d5-8ce2-f2ccf54b49d7,97c792f9-e0c0-44d5-8ce2-f2ccf54b49d7,NULL
3fcc2029-85dd-703f-79e8-2f04318fd29e,ขับนาย - ค่าภาษาต่างประเทศ,พขร - ค่าภาษา,1,PER_MONTH,ALL,ALL,0,เช่าขับเอง,100,1,2023-05-22 23:16:16,2023-05-22 23:16:16,NULL,97c792f9-e0c0-44d5-8ce2-f2ccf54b49d7,97c792f9-e0c0-44d5-8ce2-f2ccf54b49d7,NULL
5591a60f-d7a9-5dcc-3cc7-20ab4424f6c7,ขับนาย - ค่าบริการเพิ่มเติมจากเงินเดือน,พขร - ค่าบริการเพิ่มเติมจากเงินเดือน,1,PER_MONTH,ALL,ALL,0,เช่าขับเอง,100,1,2023-05-22 23:16:16,2023-05-22 23:16:16,NULL,97c792f9-e0c0-44d5-8ce2-f2ccf54b49d7,97c792f9-e0c0-44d5-8ce2-f2ccf54b49d7,NULL
69d9e8c6-ccf5-1e28-b685-f9bb091b72be,ขับนาย - ค่าบริการดี,พขร - ค่าบริการดี,1,PER_MONTH,ALL,ALL,0,เช่าขับเอง,100,1,2023-05-22 23:16:16,2023-05-22 23:16:16,NULL,97c792f9-e0c0-44d5-8ce2-f2ccf54b49d7,97c792f9-e0c0-44d5-8ce2-f2ccf54b49d7,NULL
86fef5b7-1825-6c00-6650-118994a59072,ขับนาย - ค่าทำงานวันหยุด (ขั้นต่ำ 5ชม.),พขร - ค่าทำงานวันหยุด (ขั้นต่ำ 5ชม.),1,PER_HOUR,ALL,ALL,0,เช่าขับเอง,100,1,2023-05-22 23:16:16,2023-05-22 23:16:16,NULL,97c792f9-e0c0-44d5-8ce2-f2ccf54b49d7,97c792f9-e0c0-44d5-8ce2-f2ccf54b49d7,NULL
8d96e139-79c9-0884-028a-e0a16eb134c2,ขับนาย - ค่าล่วงเวลาวันทำงาน,พขร - ค่าล่วงเวลาวันทำงาน,1,PER_HOUR,ALL,ALL,0,เช่าขับเอง,100,1,2023-05-22 23:16:16,2023-05-22 23:16:16,NULL,97c792f9-e0c0-44d5-8ce2-f2ccf54b49d7,97c792f9-e0c0-44d5-8ce2-f2ccf54b49d7,NULL
9ee2a014-1426-48ae-53b9-15e0cb70ba84,ขับนาย - เงินเดือน+ค่าล่วงเวลาเหมาจ่าย,พขร - เงินเดือน+ค่าล่วงเวลาเหมาจ่าย,1,PER_MONTH,ALL,ALL,0,เช่าขับเอง,100,1,2023-05-22 23:16:16,2023-05-22 23:16:16,NULL,97c792f9-e0c0-44d5-8ce2-f2ccf54b49d7,97c792f9-e0c0-44d5-8ce2-f2ccf54b49d7,NULL
a24fd522-ba2d-b158-d311-3b47cd4e7984,ขับนาย - เงินเดือน,พขร - เงินเดือน,1,PER_MONTH,ALL,ALL,0,เช่าขับเอง,100,1,2023-05-22 23:16:16,2023-05-22 23:16:16,NULL,97c792f9-e0c0-44d5-8ce2-f2ccf54b49d7,97c792f9-e0c0-44d5-8ce2-f2ccf54b49d7,NULL
a972c6a4-c326-dd35-6a35-99f71b6953cb,ขับนาย - ค่าประกันล่วงเวลาขั้นต่ำ (เฉพาะข้อ 2-4),พขร - ประกันค่าล่วงเวลาขั้นต่ำ (เฉพาะข้อ 2-4),1,PER_MONTH,ALL,ALL,0,เช่าขับเอง,100,1,2023-05-22 23:16:16,2023-05-22 23:16:16,NULL,97c792f9-e0c0-44d5-8ce2-f2ccf54b49d7,97c792f9-e0c0-44d5-8ce2-f2ccf54b49d7,NULL
b434e924-9df2-9da0-e8a1-50654ad716c1,ขับนาย - ค่าที่พักต่างจังหวัดกรณีไปค้างคืน,พขร - ค่าที่พักต่างจังหวัดกรณีไปค้างคืน,1,PER_DAY,ALL,ALL,0,เช่าขับเอง,100,1,2023-05-22 23:16:16,2023-05-22 23:16:16,NULL,97c792f9-e0c0-44d5-8ce2-f2ccf54b49d7,97c792f9-e0c0-44d5-8ce2-f2ccf54b49d7,NULL
f2c7fee9-6056-479b-c8ee-2052487a256b,ขับนาย - ค่าเบี้ยเลี้ยงต่างจังหวัด,พขร - ค่าเบี้ยเลี้ยงต่างจังหวัด,1,PER_DAY,ALL,ALL,0,เช่าขับเอง,100,1,2023-05-22 23:16:16,2023-05-22 23:16:16,NULL,97c792f9-e0c0-44d5-8ce2-f2ccf54b49d7,97c792f9-e0c0-44d5-8ce2-f2ccf54b49d7,NULL
f5230fef-af40-f78f-34b4-448bf27de320,ขับนาย - ค่าแท็กซี่,พขร - ค่าแท็กซี่,1,PER_DAY,ALL,ALL,0,เช่าขับเอง,100,1,2023-05-22 23:16:16,2023-05-22 23:16:16,NULL,97c792f9-e0c0-44d5-8ce2-f2ccf54b49d7,97c792f9-e0c0-44d5-8ce2-f2ccf54b49d7,NULL
f964de24-2ad6-c251-1084-fd1cc94ec690,ขับนาย - ค่าบริการเพิ่มเติมจากค่าล่วงเวลา (ข้อ 2-11),พขร - ค่าบริการเพิ่มเติมจากค่าล่วงเวลา (ข้อ 2-11),1,PER_MONTH,ALL,ALL,0,เช่าขับเอง,100,1,2023-05-22 23:16:16,2023-05-22 23:16:16,NULL,97c792f9-e0c0-44d5-8ce2-f2ccf54b49d7,97c792f9-e0c0-44d5-8ce2-f2ccf54b49d7,NULL
0c8e110e-3354-3ce3-b106-02284a75bd2c,(พัทยา) พขร - ค่าบริการดี,พขร - ค่าบริการดี,1,PER_MONTH,ALL,ALL,0,เช่าขับเอง,100,1,2023-05-22 23:16:16,2023-05-22 23:16:16,NULL,97c792f9-e0c0-44d5-8ce2-f2ccf54b49d7,97c792f9-e0c0-44d5-8ce2-f2ccf54b49d7,NULL
1db9c73b-3d8c-ad1f-7434-2dc8cf315bf3,(พัทยา) พขร - ค่าเที่ยว กทม.-สุวรรณภูมิ,พขร - ค่าเที่ยว กทม.-สุวรรณภูมิ,1,PER_TRIP,ALL,ALL,0,เช่าขับเอง,100,1,2023-05-22 23:16:16,2023-05-22 23:16:16,NULL,97c792f9-e0c0-44d5-8ce2-f2ccf54b49d7,97c792f9-e0c0-44d5-8ce2-f2ccf54b49d7,NULL
26704457-e472-94f8-c89a-4b54431b6d30,(พัทยา) พขร - ค่าที่พักต่างจังหวัดกรณีไปค้างคืน,พขร - ค่าที่พักต่างจังหวัดกรณีไปค้างคืน,1,PER_DAY,ALL,ALL,0,เช่าขับเอง,100,1,2023-05-22 23:16:16,2023-05-22 23:16:16,NULL,97c792f9-e0c0-44d5-8ce2-f2ccf54b49d7,97c792f9-e0c0-44d5-8ce2-f2ccf54b49d7,NULL
278e7e3a-f90c-534e-86fd-e7ae87977ad6,(พัทยา) พขร - ค่าทำงานในวันหยุด,พขร - ค่าทำงานในวันหยุด,1,PER_DAY,ALL,ALL,0,เช่าขับเอง,100,1,2023-05-22 23:16:16,2023-05-22 23:16:16,NULL,97c792f9-e0c0-44d5-8ce2-f2ccf54b49d7,97c792f9-e0c0-44d5-8ce2-f2ccf54b49d7,NULL
3387017e-7d73-71ef-ef88-23003c43fa60,(พัทยา) พขร - ค่าประกันเที่ยว,พขร - ค่าประกันเที่ยว,1,PER_MONTH,ALL,ALL,0,เช่าขับเอง,100,1,2023-05-22 23:16:16,2023-05-22 23:16:16,NULL,97c792f9-e0c0-44d5-8ce2-f2ccf54b49d7,97c792f9-e0c0-44d5-8ce2-f2ccf54b49d7,NULL
4e053413-4907-5ece-9a7d-9f39914dd203,(พัทยา) พขร - เงินเดือน,พขร - เงินเดือน,1,PER_MONTH,ALL,ALL,0,เช่าขับเอง,100,1,2023-05-22 23:16:16,2023-05-22 23:16:16,NULL,97c792f9-e0c0-44d5-8ce2-f2ccf54b49d7,97c792f9-e0c0-44d5-8ce2-f2ccf54b49d7,NULL
7115b03e-ab9b-8506-08be-bbcc51088650,(พัทยา) พขร - ค่าบริการเพิ่มเติม (ข้อ 2-8),พขร - ค่าบริการเพิ่มเติม (ข้อ 2-8),1,PER_MONTH,ALL,ALL,0,เช่าขับเอง,100,1,2023-05-22 23:16:16,2023-05-22 23:16:16,NULL,97c792f9-e0c0-44d5-8ce2-f2ccf54b49d7,97c792f9-e0c0-44d5-8ce2-f2ccf54b49d7,NULL
9bef9b52-75eb-bffa-0f5e-c444e5d80304,(พัทยา) พขร - ค่าเที่ยวชลบุรี,พขร - ค่าเที่ยวชลบุรี,1,PER_TRIP,ALL,ALL,0,เช่าขับเอง,100,1,2023-05-22 23:16:16,2023-05-22 23:16:16,NULL,97c792f9-e0c0-44d5-8ce2-f2ccf54b49d7,97c792f9-e0c0-44d5-8ce2-f2ccf54b49d7,NULL
aea3e96d-faa3-f188-18f4-6eac2176ff21,(พัทยา) พขร - ค่าบริการเพิ่มเติม (ข้อ 1),พขร - ค่าบริการเพิ่มเติม (ข้อ 1),1,PER_MONTH,ALL,ALL,0,เช่าขับเอง,100,1,2023-05-22 23:16:16,2023-05-22 23:16:16,NULL,97c792f9-e0c0-44d5-8ce2-f2ccf54b49d7,97c792f9-e0c0-44d5-8ce2-f2ccf54b49d7,NULL
e2aa5dd7-5435-5e38-2f99-4898b4eef9d0,(พัทยา) พขร - ค่าเที่ยวระยอง,พขร - ค่าเที่ยวระยอง,1,PER_TRIP,ALL,ALL,0,เช่าขับเอง,100,1,2023-05-22 23:16:16,2023-05-22 23:16:16,NULL,97c792f9-e0c0-44d5-8ce2-f2ccf54b49d7,97c792f9-e0c0-44d5-8ce2-f2ccf54b49d7,NULL
fb932098-df34-46c3-b661-a229de050347,(พัทยา) พขร - ค่าเที่ยว ชลบุรี-กทม.,พขร - ค่าเที่ยว ชลบุรี-กทม.,1,PER_TRIP,ALL,ALL,0,เช่าขับเอง,100,1,2023-05-22 23:16:16,2023-05-22 23:16:16,NULL,97c792f9-e0c0-44d5-8ce2-f2ccf54b49d7,97c792f9-e0c0-44d5-8ce2-f2ccf54b49d7,NULL
240491c0-6594-6fd4-6aa5-3b4f118bca61,รถตู้เย็น - ค่าเที่ยว ระยะทางมากกว่า 500 กม.,พขร - ค่าเที่ยว ระยะทางมากกว่า 500 กม.,1,PER_DAY,ALL,ALL,0,รถขนส่ง,100,1,2023-05-22 23:16:16,2023-05-22 23:16:16,NULL,97c792f9-e0c0-44d5-8ce2-f2ccf54b49d7,97c792f9-e0c0-44d5-8ce2-f2ccf54b49d7,NULL
4ba94752-c07a-e2fb-5e6d-61e71152dd72,รถตู้เย็น - ค่าบริการเพิ่มเติม (ข้อ 1),พขร - ค่าบริการเพิ่มเติม (ข้อ 1),1,PER_MONTH,ALL,ALL,0,รถขนส่ง,100,1,2023-05-22 23:16:16,2023-05-22 23:16:16,NULL,97c792f9-e0c0-44d5-8ce2-f2ccf54b49d7,97c792f9-e0c0-44d5-8ce2-f2ccf54b49d7,NULL
7b7d2c1b-ec9c-e2d6-9bad-a0782f0c7981,รถตู้เย็น - ค่าบริการดี,พขร - ค่าบริการดี,1,PER_MONTH,ALL,ALL,0,รถขนส่ง,100,1,2023-05-22 23:16:16,2023-05-22 23:16:16,NULL,97c792f9-e0c0-44d5-8ce2-f2ccf54b49d7,97c792f9-e0c0-44d5-8ce2-f2ccf54b49d7,NULL
8017632d-d0a2-e560-6c1f-25791eb5cb9e,รถตู้เย็น - ค่าเที่ยว ระยะทาง 0-400 กม.,พขร - ค่าเที่ยว ระยะทาง 0-400 กม.,1,PER_DAY,ALL,ALL,0,รถขนส่ง,100,1,2023-05-22 23:16:16,2023-05-22 23:16:16,NULL,97c792f9-e0c0-44d5-8ce2-f2ccf54b49d7,97c792f9-e0c0-44d5-8ce2-f2ccf54b49d7,NULL
9988a0fb-2508-c519-e9d2-ce770c83ceba,รถตู้เย็น - เงินเดือน,พขร - เงินเดือน,1,PER_MONTH,ALL,ALL,0,รถขนส่ง,100,1,2023-05-22 23:16:16,2023-05-22 23:16:16,NULL,97c792f9-e0c0-44d5-8ce2-f2ccf54b49d7,97c792f9-e0c0-44d5-8ce2-f2ccf54b49d7,NULL
9c364e5c-c130-e428-8630-66a73e6ae8bc,รถตู้เย็น - ค่าเที่ยว ระยะทางมากกว่า 400 กม.,พขร - ค่าเที่ยว ระยะทางมากกว่า 400 กม.,1,PER_DAY,ALL,ALL,0,รถขนส่ง,100,1,2023-05-22 23:16:16,2023-05-22 23:16:16,NULL,97c792f9-e0c0-44d5-8ce2-f2ccf54b49d7,97c792f9-e0c0-44d5-8ce2-f2ccf54b49d7,NULL
a4eabeb2-e7ad-b1e9-51a8-deb5ac9826e6,รถตู้เย็น - ค่าบริการเพิ่มเติม (ข้อ 2-5),พขร - ค่าบริการเพิ่มเติม (ข้อ 2-5),1,PER_MONTH,ALL,ALL,0,รถขนส่ง,100,1,2023-05-22 23:16:16,2023-05-22 23:16:16,NULL,97c792f9-e0c0-44d5-8ce2-f2ccf54b49d7,97c792f9-e0c0-44d5-8ce2-f2ccf54b49d7,NULL
afb8b56d-b386-2587-061d-c6981eceb296,รถตู้เย็น - ค่าเที่ยว ระยะทางมากกว่า 600 กม.,พขร - ค่าเที่ยว ระยะทางมากกว่า 600 กม.,1,PER_DAY,ALL,ALL,0,รถขนส่ง,100,1,2023-05-22 23:16:16,2023-05-22 23:16:16,NULL,97c792f9-e0c0-44d5-8ce2-f2ccf54b49d7,97c792f9-e0c0-44d5-8ce2-f2ccf54b49d7,NULL
f39a18f3-1590-bf6f-9222-afe4393a715f,รถตู้เย็น - ค่าทำงานวันหยุด,พขร - ค่าทำงานวันหยุด,1,PER_DAY,ALL,ALL,0,รถขนส่ง,100,1,2023-05-22 23:16:16,2023-05-22 23:16:16,NULL,97c792f9-e0c0-44d5-8ce2-f2ccf54b49d7,97c792f9-e0c0-44d5-8ce2-f2ccf54b49d7,NULL
0210f86f-3bd7-a657-40c0-fbbaee3398db,(ภูเก็ต) รถทดแทน-ส่วนกลาง - ประกันค่าเที่ยว,พขร - ประกันค่าเที่ยว,1,PER_MONTH,ALL,ALL,0,เช่าขับเอง,100,1,2023-05-22 23:16:16,2023-05-22 23:16:16,NULL,97c792f9-e0c0-44d5-8ce2-f2ccf54b49d7,97c792f9-e0c0-44d5-8ce2-f2ccf54b49d7,NULL
0a7c28ae-c571-e523-e701-0b3d57dc7b79,(เชียงใหม่-เชียงราย) รถทดแทน-ส่วนกลาง - ค่าบริการเพิ่มเติม (ข้อ 2-5),พขร - ค่าบริการเพิ่มเติม (ข้อ 2-5),1,PER_MONTH,ALL,ALL,0,เช่าขับเอง,100,1,2023-05-22 23:16:16,2023-05-22 23:16:16,NULL,97c792f9-e0c0-44d5-8ce2-f2ccf54b49d7,97c792f9-e0c0-44d5-8ce2-f2ccf54b49d7,NULL
37b7d397-26e3-2404-c3b4-b9010ef2211e,(เชียงใหม่-เชียงราย) รถทดแทน-ส่วนกลาง - ค่าบริการดี,พขร - ค่าบริการดี,1,PER_MONTH,ALL,ALL,0,เช่าขับเอง,100,1,2023-05-22 23:16:16,2023-05-22 23:16:16,NULL,97c792f9-e0c0-44d5-8ce2-f2ccf54b49d7,97c792f9-e0c0-44d5-8ce2-f2ccf54b49d7,NULL
43ba0857-7cb1-4ec5-20f2-4a5aea8fa2d4,(ภูเก็ต) รถทดแทน-ส่วนกลาง - ค่าบริการดี,พขร - ค่าบริการดี,1,PER_MONTH,ALL,ALL,0,เช่าขับเอง,100,1,2023-05-22 23:16:16,2023-05-22 23:16:16,NULL,97c792f9-e0c0-44d5-8ce2-f2ccf54b49d7,97c792f9-e0c0-44d5-8ce2-f2ccf54b49d7,NULL
5927c41e-dafc-cbe2-3737-52746d9d87cb,(เชียงใหม่-เชียงราย) รถทดแทน-ส่วนกลาง - ค่าทำงานในวันหยุด,พขร - ค่าทำงานในวันหยุด,1,PER_DAY,ALL,ALL,0,เช่าขับเอง,100,1,2023-05-22 23:16:16,2023-05-22 23:16:16,NULL,97c792f9-e0c0-44d5-8ce2-f2ccf54b49d7,97c792f9-e0c0-44d5-8ce2-f2ccf54b49d7,NULL
681ae2c5-350e-a9a8-4e2b-bfd2b9961287,(เชียงใหม่-เชียงราย) รถทดแทน-ส่วนกลาง - เงินเดือน,พขร - เงินเดือน,1,PER_MONTH,ALL,ALL,0,เช่าขับเอง,100,1,2023-05-22 23:16:16,2023-05-22 23:16:16,NULL,97c792f9-e0c0-44d5-8ce2-f2ccf54b49d7,97c792f9-e0c0-44d5-8ce2-f2ccf54b49d7,NULL
6abb1dd7-f299-95f5-84cf-c0344cb4ac88,(ภูเก็ต) รถทดแทน-ส่วนกลาง - ค่าทำงานในวันหยุด,พขร - ค่าทำงานในวันหยุด,1,PER_DAY,ALL,ALL,0,เช่าขับเอง,100,1,2023-05-22 23:16:16,2023-05-22 23:16:16,NULL,97c792f9-e0c0-44d5-8ce2-f2ccf54b49d7,97c792f9-e0c0-44d5-8ce2-f2ccf54b49d7,NULL
7a5b32d4-1f36-206e-d6ac-38b4ca6f24ec,(เชียงใหม่-เชียงราย) รถทดแทน-ส่วนกลาง - ประกันค่าเที่ยว,พขร - ประกันค่าเที่ยว,1,PER_MONTH,ALL,ALL,0,เช่าขับเอง,100,1,2023-05-22 23:16:16,2023-05-22 23:16:16,NULL,97c792f9-e0c0-44d5-8ce2-f2ccf54b49d7,97c792f9-e0c0-44d5-8ce2-f2ccf54b49d7,NULL
830c742b-39c1-12f8-c67a-9514c912e4e8,(ภูเก็ต) รถทดแทน-ส่วนกลาง - ค่าบริการเพิ่มเติม (ข้อ 1),พขร - ค่าบริการเพิ่มเติม (ข้อ 1),1,PER_MONTH,ALL,ALL,0,เช่าขับเอง,100,1,2023-05-22 23:16:16,2023-05-22 23:16:16,NULL,97c792f9-e0c0-44d5-8ce2-f2ccf54b49d7,97c792f9-e0c0-44d5-8ce2-f2ccf54b49d7,NULL
993aa42b-2242-459f-875b-193d726d9322,(กทม) รถทดแทน-ส่วนกลาง - ค่าทำงานในวันหยุด,พขร - ค่าทำงานในวันหยุด,1,PER_DAY,ALL,ALL,0,เช่าขับเอง,100,1,2023-05-22 23:03:34,2023-05-22 23:03:34,NULL,97c792f9-e0c0-44d5-8ce2-f2ccf54b49d7,97c792f9-e0c0-44d5-8ce2-f2ccf54b49d7,NULL
993aa457-a831-49c0-b321-0b67552dd56c,(กทม) รถทดแทน-ส่วนกลาง - ค่าที่พักต่างจังหวัดกรณีไปค้างคืน,พขร - ค่าที่พักต่างจังหวัดกรณีไปค้างคืน,1,PER_DAY,ALL,ALL,0,เช่าขับเอง,100,1,2023-05-22 23:04:03,2023-05-22 23:04:03,NULL,97c792f9-e0c0-44d5-8ce2-f2ccf54b49d7,97c792f9-e0c0-44d5-8ce2-f2ccf54b49d7,NULL
993aa475-6d1c-4e68-b4e3-306995574e66,(กทม) รถทดแทน-ส่วนกลาง - ค่าบริการดี,พขร - ค่าบริการดี,1,PER_MONTH,ALL,ALL,0,เช่าขับเอง,100,1,2023-05-22 23:04:23,2023-05-22 23:04:23,NULL,97c792f9-e0c0-44d5-8ce2-f2ccf54b49d7,97c792f9-e0c0-44d5-8ce2-f2ccf54b49d7,NULL
993aa4b0-77af-44c3-bd03-1bd6c688a5f8,(กทม) รถทดแทน-ส่วนกลาง - ค่าบริการเพิ่มเติม(ข้อ 1),พขร - ค่าบริการเพิ่มเติม(ข้อ 1),1,PER_MONTH,ALL,ALL,0,เช่าขับเอง,100,1,2023-05-22 23:05:01,2023-05-22 23:05:01,NULL,97c792f9-e0c0-44d5-8ce2-f2ccf54b49d7,97c792f9-e0c0-44d5-8ce2-f2ccf54b49d7,NULL
993aa4d3-f69e-4aba-a15e-7aa5aaad15a0,(กทม) รถทดแทน-ส่วนกลาง - ค่าบริการเพิ่มเติม(ข้อ 2-5),พขร - ค่าบริการเพิ่มเติม(ข้อ 2-5),1,PER_MONTH,ALL,ALL,0,เช่าขับเอง,100,1,2023-05-22 23:05:25,2023-05-22 23:05:25,NULL,97c792f9-e0c0-44d5-8ce2-f2ccf54b49d7,97c792f9-e0c0-44d5-8ce2-f2ccf54b49d7,NULL
993aa4eb-fdd3-43fe-a778-045d407d75ba,(กทม) รถทดแทน-ส่วนกลาง - ค่าประกันเที่ยว,พขร - ค่าประกันเที่ยว,1,PER_MONTH,ALL,ALL,0,เช่าขับเอง,100,1,2023-05-22 23:05:40,2023-05-22 23:05:40,NULL,97c792f9-e0c0-44d5-8ce2-f2ccf54b49d7,97c792f9-e0c0-44d5-8ce2-f2ccf54b49d7,NULL
993aa507-365c-40bd-a87d-1d05b8c189f8,(กทม) รถทดแทน-ส่วนกลาง - ค่าเที่ยว,พขร - ค่าเที่ยว,1,PER_TRIP,ALL,ALL,0,เช่าขับเอง,100,1,2023-05-22 23:05:58,2023-05-22 23:05:58,NULL,97c792f9-e0c0-44d5-8ce2-f2ccf54b49d7,97c792f9-e0c0-44d5-8ce2-f2ccf54b49d7,NULL
993aa520-42b7-4a56-8c3f-61f96e942946,(กทม) รถทดแทน-ส่วนกลาง - เงินเดือน,พขร - เงินเดือน,1,PER_MONTH,ALL,ALL,0,เช่าขับเอง,100,1,2023-05-22 23:06:15,2023-05-22 23:06:15,NULL,97c792f9-e0c0-44d5-8ce2-f2ccf54b49d7,97c792f9-e0c0-44d5-8ce2-f2ccf54b49d7,NULL
9a2c2e9d-679c-51a9-6810-7df6807e03cb,(เชียงใหม่-เชียงราย) รถทดแทน-ส่วนกลาง - ค่าบริการเพิ่มเติม (ข้อ 1),พขร - ค่าบริการเพิ่มเติม (ข้อ 1),1,PER_MONTH,ALL,ALL,0,เช่าขับเอง,100,1,2023-05-22 23:16:16,2023-05-22 23:16:16,NULL,97c792f9-e0c0-44d5-8ce2-f2ccf54b49d7,97c792f9-e0c0-44d5-8ce2-f2ccf54b49d7,NULL
9ea0e4a1-4f55-fbe7-b657-5746e3b62a53,(ภูเก็ต) รถทดแทน-ส่วนกลาง - ค่าเที่ยว,พขร - ค่าเที่ยว,1,PER_TRIP,ALL,ALL,0,เช่าขับเอง,100,1,2023-05-22 23:16:16,2023-05-22 23:16:16,NULL,97c792f9-e0c0-44d5-8ce2-f2ccf54b49d7,97c792f9-e0c0-44d5-8ce2-f2ccf54b49d7,NULL
b7e48e35-3bf8-fcca-2567-405c7a140475,(เชียงใหม่-เชียงราย) รถทดแทน-ส่วนกลาง - ค่าเที่ยว,พขร - ค่าเที่ยว,1,PER_TRIP,ALL,ALL,0,เช่าขับเอง,100,1,2023-05-22 23:16:16,2023-05-22 23:16:16,NULL,97c792f9-e0c0-44d5-8ce2-f2ccf54b49d7,97c792f9-e0c0-44d5-8ce2-f2ccf54b49d7,NULL
bbe07d39-b899-8cb3-b61c-43f7828353cc,(เชียงใหม่-เชียงราย) รถทดแทน-ส่วนกลาง - ค่าภาษา,พขร - ค่าภาษา,1,PER_MONTH,ALL,ALL,0,เช่าขับเอง,100,1,2023-05-22 23:16:16,2023-05-22 23:16:16,NULL,97c792f9-e0c0-44d5-8ce2-f2ccf54b49d7,97c792f9-e0c0-44d5-8ce2-f2ccf54b49d7,NULL
d075abaf-2c48-e377-a8ef-00fb7868e5cd,(ภูเก็ต) รถทดแทน-ส่วนกลาง - ค่าบริการเพิ่มเติม (ข้อ 2-5),พขร - ค่าบริการเพิ่มเติม (ข้อ 2-5),1,PER_MONTH,ALL,ALL,0,เช่าขับเอง,100,1,2023-05-22 23:16:16,2023-05-22 23:16:16,NULL,97c792f9-e0c0-44d5-8ce2-f2ccf54b49d7,97c792f9-e0c0-44d5-8ce2-f2ccf54b49d7,NULL
f2e585ed-ebab-00a3-5834-bebacd346432,(ภูเก็ต) รถทดแทน-ส่วนกลาง - เงินเดือน,พขร - เงินเดือน,1,PER_MONTH,ALL,ALL,0,เช่าขับเอง,100,1,2023-05-22 23:16:16,2023-05-22 23:16:16,NULL,97c792f9-e0c0-44d5-8ce2-f2ccf54b49d7,97c792f9-e0c0-44d5-8ce2-f2ccf54b49d7,NULL
f3c7c838-98ce-b602-1c28-0b9cd786e406,(ภูเก็ต) รถทดแทน-ส่วนกลาง - ค่าที่พักต่างจังหวัดกรณีไปค้างคืน,พขร - ค่าที่พักต่างจังหวัดกรณีไปค้างคืน,1,PER_DAY,ALL,ALL,0,เช่าขับเอง,100,1,2023-05-22 23:16:16,2023-05-22 23:16:16,NULL,97c792f9-e0c0-44d5-8ce2-f2ccf54b49d7,97c792f9-e0c0-44d5-8ce2-f2ccf54b49d7,NULL
f85596cf-8389-fd8e-1bd8-b1d8e997d87e,(เชียงใหม่-เชียงราย) รถทดแทน-ส่วนกลาง - ค่าที่พักต่างจังหวัดกรณีไปค้างคืน,พขร - ค่าที่พักต่างจังหวัดกรณีไปค้างคืน,1,PER_DAY,ALL,ALL,0,เช่าขับเอง,100,1,2023-05-22 23:16:16,2023-05-22 23:16:16,NULL,97c792f9-e0c0-44d5-8ce2-f2ccf54b49d7,97c792f9-e0c0-44d5-8ce2-f2ccf54b49d7,NULL
07d33ff1-52a6-0001-9521-2275277aab01,(เชียงใหม่-เชียงราย) รถสไลด์ - ค่าที่พักต่างจังหวัดกรณีไปค้างคืน,พขร - ค่าที่พักต่างจังหวัดกรณีไปค้างคืน,1,PER_DAY,ALL,ALL,0,รถสไลด์,100,1,2023-05-22 23:16:16,2023-05-22 23:16:16,NULL,97c792f9-e0c0-44d5-8ce2-f2ccf54b49d7,97c792f9-e0c0-44d5-8ce2-f2ccf54b49d7,NULL
1b04e6fd-f000-9517-864d-ad22e2417e01,(ภูเก็ต) รถสไลด์ - เงินเดือน,พขร - เงินเดือน,1,PER_MONTH,ALL,ALL,0,รถสไลด์,100,1,2023-05-22 23:16:16,2023-05-22 23:16:16,NULL,97c792f9-e0c0-44d5-8ce2-f2ccf54b49d7,97c792f9-e0c0-44d5-8ce2-f2ccf54b49d7,NULL
25921885-c204-d3df-d317-1f514ba0a3aa,(ภูเก็ต) รถสไลด์ - ค่าบริการเพิ่มเติม (ข้อ 1),พขร - ค่าบริการเพิ่มเติม (ข้อ 1),1,PER_MONTH,ALL,ALL,0,รถสไลด์,100,1,2023-05-22 23:16:16,2023-05-22 23:16:16,NULL,97c792f9-e0c0-44d5-8ce2-f2ccf54b49d7,97c792f9-e0c0-44d5-8ce2-f2ccf54b49d7,NULL
47f9aec0-a602-456f-c3e5-39d83b7cdef6,(เชียงใหม่-เชียงราย) รถสไลด์ - ค่าบริการดี,พขร - ค่าบริการดี,1,PER_MONTH,ALL,ALL,0,รถสไลด์,100,1,2023-05-22 23:16:16,2023-05-22 23:16:16,NULL,97c792f9-e0c0-44d5-8ce2-f2ccf54b49d7,97c792f9-e0c0-44d5-8ce2-f2ccf54b49d7,NULL
53f8b445-6b56-7cf7-e94f-c934dcee33ff,(ภูเก็ต) รถสไลด์ - ค่าเที่ยว,พขร - ค่าเที่ยว,1,PER_TRIP,ALL,ALL,0,รถสไลด์,100,1,2023-05-22 23:16:16,2023-05-22 23:16:16,NULL,97c792f9-e0c0-44d5-8ce2-f2ccf54b49d7,97c792f9-e0c0-44d5-8ce2-f2ccf54b49d7,NULL
5783b5a8-efa1-1dfe-4d6b-69d555240cd0,(ภูเก็ต) รถสไลด์ - ค่าบริการเพิ่มเติม (ข้อ 2-5),พขร - ค่าบริการเพิ่มเติม (ข้อ 2-5),1,PER_MONTH,ALL,ALL,0,รถสไลด์,100,1,2023-05-22 23:16:16,2023-05-22 23:16:16,NULL,97c792f9-e0c0-44d5-8ce2-f2ccf54b49d7,97c792f9-e0c0-44d5-8ce2-f2ccf54b49d7,NULL
70abe1dc-f663-bbb6-94d7-cb16eb0c4bc1,(เชียงใหม่-เชียงราย) รถสไลด์ - เงินเดือน,พขร - เงินเดือน,1,PER_MONTH,ALL,ALL,0,รถสไลด์,100,1,2023-05-22 23:16:16,2023-05-22 23:16:16,NULL,97c792f9-e0c0-44d5-8ce2-f2ccf54b49d7,97c792f9-e0c0-44d5-8ce2-f2ccf54b49d7,NULL
7f694253-e5ef-bab6-5f51-69558dccd361,(ภูเก็ต) รถสไลด์ - ประกันค่าเที่ยว,พขร - ประกันค่าเที่ยว,1,PER_MONTH,ALL,ALL,0,รถสไลด์,100,1,2023-05-22 23:16:16,2023-05-22 23:16:16,NULL,97c792f9-e0c0-44d5-8ce2-f2ccf54b49d7,97c792f9-e0c0-44d5-8ce2-f2ccf54b49d7,NULL
90647709-e8e0-f032-ecb9-c751f719ce45,(เชียงใหม่-เชียงราย) รถสไลด์ - ค่าบริการเพิ่มเติม (ข้อ 1),พขร - ค่าบริการเพิ่มเติม (ข้อ 1),1,PER_MONTH,ALL,ALL,0,รถสไลด์,100,1,2023-05-22 23:16:16,2023-05-22 23:16:16,NULL,97c792f9-e0c0-44d5-8ce2-f2ccf54b49d7,97c792f9-e0c0-44d5-8ce2-f2ccf54b49d7,NULL
993aa7b6-5c00-4ab0-8b92-e25a943b342e,(กทม) รถสไลด์ - ค่าทำงานในวันหยุด,พขร - ค่าทำงานในวันหยุด,1,PER_DAY,ALL,ALL,0,รถสไลด์,100,1,2023-05-22 23:13:28,2023-05-22 23:13:28,NULL,97c792f9-e0c0-44d5-8ce2-f2ccf54b49d7,97c792f9-e0c0-44d5-8ce2-f2ccf54b49d7,NULL
993aa7d2-83d1-4005-bcd5-45093f79da70,(กทม) รถสไลด์ - ค่าที่พักต่างจังหวัดกรณีไปค้างคืน,พขร - ค่าที่พักต่างจังหวัดกรณีไปค้างคืน,1,PER_DAY,ALL,ALL,0,รถสไลด์,100,1,2023-05-22 23:13:47,2023-05-22 23:13:47,NULL,97c792f9-e0c0-44d5-8ce2-f2ccf54b49d7,97c792f9-e0c0-44d5-8ce2-f2ccf54b49d7,NULL
993aa7f1-015d-44bd-90ef-faac7cf43e56,(กทม) รถสไลด์ - ค่าบริการดี,พขร - ค่าบริการดี,1,PER_MONTH,ALL,ALL,0,รถสไลด์,100,1,2023-05-22 23:14:07,2023-05-22 23:14:07,NULL,97c792f9-e0c0-44d5-8ce2-f2ccf54b49d7,97c792f9-e0c0-44d5-8ce2-f2ccf54b49d7,NULL
993aa815-2d69-4dbb-95e8-ba87865339e5,(กทม) รถสไลด์ - ค่าบริการเพิ่มเติม(ข้อ 1),พขร - ค่าบริการเพิ่มเติม(ข้อ 1),1,PER_MONTH,ALL,ALL,0,รถสไลด์,100,1,2023-05-22 23:14:31,2023-05-22 23:14:31,NULL,97c792f9-e0c0-44d5-8ce2-f2ccf54b49d7,97c792f9-e0c0-44d5-8ce2-f2ccf54b49d7,NULL
993aa831-056a-4641-9320-46a882fa3fbe,(กทม) รถสไลด์ - ค่าบริการเพิ่มเติม(ข้อ 2-5),พขร - ค่าบริการเพิ่มเติม(ข้อ 2-5),1,PER_MONTH,ALL,ALL,0,รถสไลด์,100,1,2023-05-22 23:14:49,2023-05-22 23:14:49,NULL,97c792f9-e0c0-44d5-8ce2-f2ccf54b49d7,97c792f9-e0c0-44d5-8ce2-f2ccf54b49d7,NULL
993aa878-790a-4cad-9cf5-a55cf2eeda81,(กทม) รถสไลด์ - ค่าประกันเที่ยว,พขร - ค่าประกันเที่ยว,1,PER_MONTH,ALL,ALL,0,รถสไลด์,100,1,2023-05-22 23:15:36,2023-05-22 23:15:36,NULL,97c792f9-e0c0-44d5-8ce2-f2ccf54b49d7,97c792f9-e0c0-44d5-8ce2-f2ccf54b49d7,NULL
993aa895-17cb-4d07-b233-6f26c1487c15,(กทม) รถสไลด์ - ค่าเที่ยว,พขร - ค่าเที่ยว,1,PER_TRIP,ALL,ALL,0,รถสไลด์,100,1,2023-05-22 23:15:54,2023-05-22 23:15:54,NULL,97c792f9-e0c0-44d5-8ce2-f2ccf54b49d7,97c792f9-e0c0-44d5-8ce2-f2ccf54b49d7,NULL
993aa8b6-55b6-4590-8917-ec01c5557005,(กทม) รถสไลด์ - เงินเดือน,พขร - เงินเดือน,1,PER_MONTH,ALL,ALL,0,รถสไลด์,100,1,2023-05-22 23:16:16,2023-05-22 23:16:16,NULL,97c792f9-e0c0-44d5-8ce2-f2ccf54b49d7,97c792f9-e0c0-44d5-8ce2-f2ccf54b49d7,NULL
9b6a672a-31bb-1fea-3b40-ee353c2c847b,(เชียงใหม่-เชียงราย) รถสไลด์ - ค่าทำงานในวันหยุด,พขร - ค่าทำงานในวันหยุด,1,PER_DAY,ALL,ALL,0,รถสไลด์,100,1,2023-05-22 23:16:16,2023-05-22 23:16:16,NULL,97c792f9-e0c0-44d5-8ce2-f2ccf54b49d7,97c792f9-e0c0-44d5-8ce2-f2ccf54b49d7,NULL
a349eeae-7548-590e-2560-0418fbbbe73f,(ภูเก็ต) รถสไลด์ - ค่าทำงานในวันหยุด,พขร - ค่าทำงานในวันหยุด,1,PER_DAY,ALL,ALL,0,รถสไลด์,100,1,2023-05-22 23:16:16,2023-05-22 23:16:16,NULL,97c792f9-e0c0-44d5-8ce2-f2ccf54b49d7,97c792f9-e0c0-44d5-8ce2-f2ccf54b49d7,NULL
ad6003a0-fb11-004b-bf51-cddf599cd040,(เชียงใหม่-เชียงราย) รถสไลด์ - ค่าภาษา,พขร - ค่าภาษา,1,PER_MONTH,ALL,ALL,0,รถสไลด์,100,1,2023-05-22 23:16:16,2023-05-22 23:16:16,NULL,97c792f9-e0c0-44d5-8ce2-f2ccf54b49d7,97c792f9-e0c0-44d5-8ce2-f2ccf54b49d7,NULL
c6e335cd-6045-ebb9-2271-3cdaac0aa61b,(เชียงใหม่-เชียงราย) รถสไลด์ - ค่าบริการเพิ่มเติม (ข้อ 2-5),พขร - ค่าบริการเพิ่มเติม (ข้อ 2-5),1,PER_MONTH,ALL,ALL,0,รถสไลด์,100,1,2023-05-22 23:16:16,2023-05-22 23:16:16,NULL,97c792f9-e0c0-44d5-8ce2-f2ccf54b49d7,97c792f9-e0c0-44d5-8ce2-f2ccf54b49d7,NULL
de085813-c77f-394e-707a-7be8c578eb14,(ภูเก็ต) รถสไลด์ - ค่าบริการดี,พขร - ค่าบริการดี,1,PER_MONTH,ALL,ALL,0,รถสไลด์,100,1,2023-05-22 23:16:16,2023-05-22 23:16:16,NULL,97c792f9-e0c0-44d5-8ce2-f2ccf54b49d7,97c792f9-e0c0-44d5-8ce2-f2ccf54b49d7,NULL
e3d1711d-a79c-770d-44f3-0cafbe54100b,(เชียงใหม่-เชียงราย) รถสไลด์ - ประกันค่าเที่ยว,พขร - ประกันค่าเที่ยว,1,PER_MONTH,ALL,ALL,0,รถสไลด์,100,1,2023-05-22 23:16:16,2023-05-22 23:16:16,NULL,97c792f9-e0c0-44d5-8ce2-f2ccf54b49d7,97c792f9-e0c0-44d5-8ce2-f2ccf54b49d7,NULL
e8b14690-a632-9976-57df-abc924510f2a,(ภูเก็ต) รถสไลด์ - ค่าที่พักต่างจังหวัดกรณีไปค้างคืน,พขร - ค่าที่พักต่างจังหวัดกรณีไปค้างคืน,1,PER_DAY,ALL,ALL,0,รถสไลด์,100,1,2023-05-22 23:16:16,2023-05-22 23:16:16,NULL,97c792f9-e0c0-44d5-8ce2-f2ccf54b49d7,97c792f9-e0c0-44d5-8ce2-f2ccf54b49d7,NULL
f41ba67f-160a-6458-3c3c-d1905af9f374,(เชียงใหม่-เชียงราย) รถสไลด์ - ค่าเที่ยว,พขร - ค่าเที่ยว,1,PER_TRIP,ALL,ALL,0,รถสไลด์,100,1,2023-05-22 23:16:16,2023-05-22 23:16:16,NULL,97c792f9-e0c0-44d5-8ce2-f2ccf54b49d7,97c792f9-e0c0-44d5-8ce2-f2ccf54b49d7,NULL