name,sku,service_type_id,calculate_type,standard_price,branch_id,booking_day_mon,booking_day_tue,booking_day_wed,booking_day_thu,booking_day_fri,booking_day_sat,booking_day_sun,start_booking_time,end_booking_time,reserve_booking_duration,start_date,end_date,is_used_application,fix_days,fix_return_time,status,created_at,updated_at,deleted_at,created_by,updated_by,deleted_by,GL
เรือ - อยุธยา​ 1 ชั่วโมง (BT_AYT_1H_BKK),BT_AYT_1H_BKK,เรือ,HOURLY,14000,Bangkok Branch,1,1,1,1,1,1,1,8:00:00,16:00:00,24,1/1/2022,12/31/2024,1,NULL,NULL,1,2022-11-19 12:07:03,2022-11-19 12:07:03,NULL,NULL,NULL,NULL,Service revenue - Boat rental
เรือ - อยุธยา​ 1 ชั่วโมง 30 นาที (BT_AYT_1H30_BKK),BT_AYT_1H30_BKK,เรือ,HOURLY,18000,Bangkok Branch,1,1,1,1,1,1,1,8:00:00,16:00:00,24,1/1/2022,12/31/2024,1,NULL,NULL,1,2022-11-19 12:07:03,2022-11-19 12:07:03,NULL,NULL,NULL,NULL,Service revenue - Boat rental
เรือ - อยุธยา 3 ชั่วโมง (BT_AYT_3H_BKK),BT_AYT_3H_BKK,เรือ,HOURLY,23000,Bangkok Branch,1,1,1,1,1,1,1,8:00:00,14:00:00,24,1/1/2022,12/31/2024,1,NULL,NULL,1,2022-11-19 12:07:03,2022-11-19 12:07:03,NULL,NULL,NULL,NULL,Service revenue - Boat rental
เรือ - อยุธยา 4 ชั่วโมง (BT_AYT_4H_BKK),BT_AYT_4H_BKK,เรือ,HOURLY,28000,Bangkok Branch,1,1,1,1,1,1,1,8:00:00,13:00:00,24,1/1/2022,12/31/2024,1,NULL,NULL,1,2022-11-19 12:07:03,2022-11-19 12:07:03,NULL,NULL,NULL,NULL,Service revenue - Boat rental
เรือ - แพ็กเกจ​ 1 ชั่วโมง (BT_BKK_1H_BKK),BT_BKK_1H_BKK,เรือ,HOURLY,14000,Bangkok Branch,1,1,1,1,1,1,1,8:00:00,16:00:00,24,1/1/2022,12/31/2024,1,NULL,NULL,1,2022-11-19 12:07:03,2022-11-19 12:07:03,NULL,NULL,NULL,NULL,Service revenue - Boat rental
เรือ - แพ็กเกจ​ 1 ชั่วโมง (BT_BKK_1H_PPD),BT_BKK_1H_PPD,เรือ,HOURLY,14000,Prapadaeng Branch,1,1,1,1,1,1,1,8:00:00,16:00:00,24,1/1/2022,12/31/2024,1,NULL,NULL,1,2022-11-19 12:07:03,2022-11-19 12:07:03,NULL,NULL,NULL,NULL,Service revenue - Boat rental
เรือ - แพ็กเกจ​ 30 นาที (BT_BKK_30M_BKK),BT_BKK_30M_BKK,เรือ,HOURLY,8000,Bangkok Branch,1,1,1,1,1,1,1,8:00:00,16:30:00,24,1/1/2022,12/31/2024,1,NULL,NULL,1,2022-11-19 12:07:03,2022-11-19 12:07:03,NULL,NULL,NULL,NULL,Service revenue - Boat rental
เรือ - แพ็กเกจ​ 30 นาที (BT_BKK_30M_PPD),BT_BKK_30M_PPD,เรือ,HOURLY,8000,Prapadaeng Branch,1,1,1,1,1,1,1,8:00:00,16:30:00,24,1/1/2022,12/31/2024,1,NULL,NULL,1,2022-11-19 12:07:03,2022-11-19 12:07:03,NULL,NULL,NULL,NULL,Service revenue - Boat rental
เรือ - แพ็กเกจ​ 3 ชั่วโมง (BT_BKK_3H_BKK),BT_BKK_3H_BKK,เรือ,HOURLY,23000,Bangkok Branch,1,1,1,1,1,1,1,8:00:00,14:00:00,24,1/1/2022,12/31/2024,1,NULL,NULL,1,2022-11-19 12:07:03,2022-11-19 12:07:03,NULL,NULL,NULL,NULL,Service revenue - Boat rental
เรือ - แพ็กเกจ​ 3 ชั่วโมง (BT_BKK_3H_PPD),BT_BKK_3H_PPD,เรือ,HOURLY,23000,Prapadaeng Branch,1,1,1,1,1,1,1,8:00:00,14:00:00,24,1/1/2022,12/31/2024,1,NULL,NULL,1,2022-11-19 12:07:03,2022-11-19 12:07:03,NULL,NULL,NULL,NULL,Service revenue - Boat rental
เรือ - แพ็กเกจ​ 4 ชั่วโมง (BT_BKK_4H_BKK),BT_BKK_4H_BKK,เรือ,HOURLY,28000,Bangkok Branch,1,1,1,1,1,1,1,8:00:00,13:00:00,24,1/1/2022,12/31/2024,1,NULL,NULL,1,2022-11-19 12:07:03,2022-11-19 12:07:03,NULL,NULL,NULL,NULL,Service revenue - Boat rental
เรือ - แพ็กเกจ​ 4 ชั่วโมง (BT_BKK_4H_PPD),BT_BKK_4H_PPD,เรือ,HOURLY,28000,Prapadaeng Branch,1,1,1,1,1,1,1,8:00:00,13:00:00,24,1/1/2022,12/31/2024,1,NULL,NULL,1,2022-11-19 12:07:03,2022-11-19 12:07:03,NULL,NULL,NULL,NULL,Service revenue - Boat rental
เรือ - กรุงเทพฯ -​ นนทบุรี 5 ชั่วโมง (BT_BKK_5H_BKK),BT_BKK_5H_BKK,เรือ,HOURLY,32000,Bangkok Branch,1,1,1,1,1,1,1,8:00:00,13:00:00,24,1/1/2022,12/31/2024,1,NULL,NULL,1,2022-11-19 12:07:03,2022-11-19 12:07:03,NULL,NULL,NULL,NULL,Service revenue - Boat rental
เรือ - นนทบุรี​ -​ ปทุมธานี​ 6 ชั่วโมง (BT_BKK_6H_BKK),BT_BKK_6H_BKK,เรือ,HOURLY,35000,Bangkok Branch,1,1,1,1,1,1,1,8:00:00,14:00:00,24,1/1/2022,12/31/2024,1,NULL,NULL,1,2022-11-19 12:07:03,2022-11-19 12:07:03,NULL,NULL,NULL,NULL,Service revenue - Boat rental
เรือ - นนทบุรี​ -​ ปทุมธานี​ Full Day 8 ชั่วโมง​ (BT_BKK_8H_BKK),BT_BKK_8H_BKK,เรือ,HOURLY,50000,Bangkok Branch,1,1,1,1,1,1,1,8:00:00,12:00:00,24,1/1/2022,12/31/2024,1,NULL,NULL,1,2022-11-19 12:07:03,2022-11-19 12:07:03,NULL,NULL,NULL,NULL,Service revenue - Boat rental
เรือ - แพ็กเกจ prewedding (BT_BKK_PWD_BKK),BT_BKK_PWD_BKK,เรือ,HOURLY,16000,Bangkok Branch,1,1,1,1,1,1,1,8:00:00,16:00:00,24,1/1/2022,12/31/2024,1,NULL,NULL,1,2022-11-19 12:07:03,2022-11-19 12:07:03,NULL,NULL,NULL,NULL,Service revenue - Boat rental
เรือ - แพ็กเกจ prewedding (BT_BKK_PWD_PPD),BT_BKK_PWD_PPD,เรือ,HOURLY,16000,Prapadaeng Branch,1,1,1,1,1,1,1,8:00:00,16:00:00,24,1/1/2022,12/31/2024,1,NULL,NULL,1,2022-11-19 12:07:03,2022-11-19 12:07:03,NULL,NULL,NULL,NULL,Service revenue - Boat rental
เรือ - แพ็กเกจชมพระอาทิตย์​ 1 ชั่วโมง (BT_BKK_SS1H_BKK),BT_BKK_SS1H_BKK,เรือ,HOURLY,18000,Bangkok Branch,1,1,1,1,1,1,1,17:00:00,18:00:00,24,1/1/2022,12/31/2024,1,NULL,NULL,1,2022-11-19 12:07:03,2022-11-19 12:07:03,NULL,NULL,NULL,NULL,Service revenue - Boat rental
เรือ - แพ็กเกจชมพระอาทิตย์​ 1 ชั่วโมง (BT_BKK_SS1H_PPD),BT_BKK_SS1H_PPD,เรือ,HOURLY,18000,Prapadaeng Branch,1,1,1,1,1,1,1,17:00:00,18:00:00,24,1/1/2022,12/31/2024,1,NULL,NULL,1,2022-11-19 12:07:03,2022-11-19 12:07:03,NULL,NULL,NULL,NULL,Service revenue - Boat rental
เรือ - แพ็กเกจชมพระอาทิตย์​ 3 ชั่วโมง (BT_BKK_SS3H_BKK),BT_BKK_SS3H_BKK,เรือ,HOURLY,24000,Bangkok Branch,1,1,1,1,1,1,1,17:00:00,17:00:00,24,1/1/2022,12/31/2024,1,NULL,NULL,1,2022-11-19 12:07:03,2022-11-19 12:07:03,NULL,NULL,NULL,NULL,Service revenue - Boat rental
เรือ - แพ็กเกจชมพระอาทิตย์​ 3 ชั่วโมง (BT_BKK_SS3H_PPD),BT_BKK_SS3H_PPD,เรือ,HOURLY,24000,Prapadaeng Branch,1,1,1,1,1,1,1,17:00:00,17:00:00,24,1/1/2022,12/31/2024,1,NULL,NULL,1,2022-11-19 12:07:03,2022-11-19 12:07:03,NULL,NULL,NULL,NULL,Service revenue - Boat rental
บัส - One day (BUS_1DAY_AREA2_BKK),BUS_1DAY_AREA2_BKK,บัส,DAILY,12800,Bangkok Branch,1,1,1,1,1,1,1,6:00:00,23:59:00,24,1/1/2022,12/31/2024,1,NULL,NULL,1,2022-11-19 12:07:03,2022-11-19 12:07:03,NULL,NULL,NULL,NULL,Service revenue - car rental daily - external
บัส - One day (BUS_1DAY_AREA2_CM),BUS_1DAY_AREA2_CM,บัส,DAILY,12800,Chiang Mai Branch,1,1,1,1,1,1,1,6:00:00,23:59:00,24,1/1/2022,12/31/2024,1,NULL,NULL,1,2022-11-19 12:07:03,2022-11-19 12:07:03,NULL,NULL,NULL,NULL,Service revenue - car rental daily - external
บัส - One day (BUS_1DAY_AREA2_PKT),BUS_1DAY_AREA2_PKT,บัส,DAILY,12800,Phuket Branch,1,1,1,1,1,1,1,6:00:00,23:59:00,24,1/1/2022,12/31/2024,1,NULL,NULL,1,2022-11-19 12:07:03,2022-11-19 12:07:03,NULL,NULL,NULL,NULL,Service revenue - car rental daily - external
บัส - One day (BUS_1DAY_AREA3_BKK),BUS_1DAY_AREA3_BKK,บัส,DAILY,16000,Bangkok Branch,1,1,1,1,1,1,1,6:00:00,23:59:00,24,1/1/2022,12/31/2024,1,NULL,NULL,1,2022-11-19 12:07:03,2022-11-19 12:07:03,NULL,NULL,NULL,NULL,Service revenue - car rental daily - external
บัส - One day (BUS_1DAY_AREA3_CM),BUS_1DAY_AREA3_CM,บัส,DAILY,16000,Chiang Mai Branch,1,1,1,1,1,1,1,6:00:00,23:59:00,24,1/1/2022,12/31/2024,1,NULL,NULL,1,2022-11-19 12:07:03,2022-11-19 12:07:03,NULL,NULL,NULL,NULL,Service revenue - car rental daily - external
บัส - One day (BUS_1DAY_AREA3_PKT),BUS_1DAY_AREA3_PKT,บัส,DAILY,16000,Phuket Branch,1,1,1,1,1,1,1,6:00:00,23:59:00,24,1/1/2022,12/31/2024,1,NULL,NULL,1,2022-11-19 12:07:03,2022-11-19 12:07:03,NULL,NULL,NULL,NULL,Service revenue - car rental daily - external
บัส - One day (BUS_1DAYAREA1_BKK),BUS_1DAYAREA1_BKK,บัส,DAILY,11200,Bangkok Branch,1,1,1,1,1,1,1,6:00:00,23:59:00,24,1/1/2022,12/31/2024,1,NULL,NULL,1,2022-11-19 12:07:03,2022-11-19 12:07:03,NULL,NULL,NULL,NULL,Service revenue - car rental daily - external
บัส - One day (BUS_1DAYAREA1_CM),BUS_1DAYAREA1_CM,บัส,DAILY,11200,Chiang Mai Branch,1,1,1,1,1,1,1,6:00:00,23:59:00,24,1/1/2022,12/31/2024,1,NULL,NULL,1,2022-11-19 12:07:03,2022-11-19 12:07:03,NULL,NULL,NULL,NULL,Service revenue - car rental daily - external
บัส - One day (BUS_1DAYAREA1_PKT),BUS_1DAYAREA1_PKT,บัส,DAILY,11200,Phuket Branch,1,1,1,1,1,1,1,6:00:00,23:59:00,24,1/1/2022,12/31/2024,1,NULL,NULL,1,2022-11-19 12:07:03,2022-11-19 12:07:03,NULL,NULL,NULL,NULL,Service revenue - car rental daily - external
บัส - 2 days 1 night (BUS_2DAY_AREA1_BKK),BUS_2DAY_AREA1_BKK,บัส,FIXED,21300,Bangkok Branch,1,1,1,1,1,1,1,6:00:00,23:59:00,24,1/1/2022,12/31/2024,1,NULL,NULL,1,2022-11-19 12:07:03,2022-11-19 12:07:03,NULL,NULL,NULL,NULL,Service revenue - car rental daily - external
บัส - 2 days 1 night (BUS_2DAY_AREA1_CM),BUS_2DAY_AREA1_CM,บัส,FIXED,21300,Chiang Mai Branch,1,1,1,1,1,1,1,6:00:00,23:59:00,24,1/1/2022,12/31/2024,1,NULL,NULL,1,2022-11-19 12:07:03,2022-11-19 12:07:03,NULL,NULL,NULL,NULL,Service revenue - car rental daily - external
บัส - 2 days 1 night (BUS_2DAY_AREA1_PKT),BUS_2DAY_AREA1_PKT,บัส,FIXED,21300,Phuket Branch,1,1,1,1,1,1,1,6:00:00,23:59:00,24,1/1/2022,12/31/2024,1,NULL,NULL,1,2022-11-19 12:07:03,2022-11-19 12:07:03,NULL,NULL,NULL,NULL,Service revenue - car rental daily - external
บัส - 2 days 1 night (BUS_2DAY_AREA2_BKK),BUS_2DAY_AREA2_BKK,บัส,FIXED,24400,Bangkok Branch,1,1,1,1,1,1,1,6:00:00,23:59:00,24,1/1/2022,12/31/2024,1,NULL,NULL,1,2022-11-19 12:07:03,2022-11-19 12:07:03,NULL,NULL,NULL,NULL,Service revenue - car rental daily - external
บัส - 2 days 1 night (BUS_2DAY_AREA2_CM),BUS_2DAY_AREA2_CM,บัส,FIXED,24400,Chiang Mai Branch,1,1,1,1,1,1,1,6:00:00,23:59:00,24,1/1/2022,12/31/2024,1,NULL,NULL,1,2022-11-19 12:07:03,2022-11-19 12:07:03,NULL,NULL,NULL,NULL,Service revenue - car rental daily - external
บัส - 2 days 1 night (BUS_2DAY_AREA2_PKT),BUS_2DAY_AREA2_PKT,บัส,FIXED,24400,Phuket Branch,1,1,1,1,1,1,1,6:00:00,23:59:00,24,1/1/2022,12/31/2024,1,NULL,NULL,1,2022-11-19 12:07:03,2022-11-19 12:07:03,NULL,NULL,NULL,NULL,Service revenue - car rental daily - external
บัส - 2 days 1 night (BUS_2DAY_AREA3_BKK),BUS_2DAY_AREA3_BKK,บัส,FIXED,27900,Bangkok Branch,1,1,1,1,1,1,1,6:00:00,23:59:00,24,1/1/2022,12/31/2024,1,NULL,NULL,1,2022-11-19 12:07:03,2022-11-19 12:07:03,NULL,NULL,NULL,NULL,Service revenue - car rental daily - external
บัส - 2 days 1 night (BUS_2DAY_AREA3_CM),BUS_2DAY_AREA3_CM,บัส,FIXED,27900,Chiang Mai Branch,1,1,1,1,1,1,1,6:00:00,23:59:00,24,1/1/2022,12/31/2024,1,NULL,NULL,1,2022-11-19 12:07:03,2022-11-19 12:07:03,NULL,NULL,NULL,NULL,Service revenue - car rental daily - external
บัส - 2 days 1 night (BUS_2DAY_AREA3_PKT),BUS_2DAY_AREA3_PKT,บัส,FIXED,27900,Phuket Branch,1,1,1,1,1,1,1,6:00:00,23:59:00,24,1/1/2022,12/31/2024,1,NULL,NULL,1,2022-11-19 12:07:03,2022-11-19 12:07:03,NULL,NULL,NULL,NULL,Service revenue - car rental daily - external
บัส - 3 days 2 night (BUS_3DAY_AREA1_BKK),BUS_3DAY_AREA1_BKK,บัส,FIXED,31000,Bangkok Branch,1,1,1,1,1,1,1,6:00:00,23:59:00,24,1/1/2022,12/31/2024,1,NULL,NULL,1,2022-11-19 12:07:03,2022-11-19 12:07:03,NULL,NULL,NULL,NULL,Service revenue - car rental daily - external
บัส - 3 days 2 night (BUS_3DAY_AREA1_CM),BUS_3DAY_AREA1_CM,บัส,FIXED,31000,Chiang Mai Branch,1,1,1,1,1,1,1,6:00:00,23:59:00,24,1/1/2022,12/31/2024,1,NULL,NULL,1,2022-11-19 12:07:03,2022-11-19 12:07:03,NULL,NULL,NULL,NULL,Service revenue - car rental daily - external
บัส - 3 days 2 night (BUS_3DAY_AREA1_PKT),BUS_3DAY_AREA1_PKT,บัส,FIXED,31000,Phuket Branch,1,1,1,1,1,1,1,6:00:00,23:59:00,24,1/1/2022,12/31/2024,1,NULL,NULL,1,2022-11-19 12:07:03,2022-11-19 12:07:03,NULL,NULL,NULL,NULL,Service revenue - car rental daily - external
บัส - 3 days 2 night (BUS_3DAY_AREA2_BKK),BUS_3DAY_AREA2_BKK,บัส,FIXED,35400,Bangkok Branch,1,1,1,1,1,1,1,6:00:00,23:59:00,24,1/1/2022,12/31/2024,1,NULL,NULL,1,2022-11-19 12:07:03,2022-11-19 12:07:03,NULL,NULL,NULL,NULL,Service revenue - car rental daily - external
บัส - 3 days 2 night (BUS_3DAY_AREA2_CM),BUS_3DAY_AREA2_CM,บัส,FIXED,35400,Chiang Mai Branch,1,1,1,1,1,1,1,6:00:00,23:59:00,24,1/1/2022,12/31/2024,1,NULL,NULL,1,2022-11-19 12:07:03,2022-11-19 12:07:03,NULL,NULL,NULL,NULL,Service revenue - car rental daily - external
บัส - 3 days 2 night (BUS_3DAY_AREA2_PKT),BUS_3DAY_AREA2_PKT,บัส,FIXED,35400,Phuket Branch,1,1,1,1,1,1,1,6:00:00,23:59:00,24,1/1/2022,12/31/2024,1,NULL,NULL,1,2022-11-19 12:07:03,2022-11-19 12:07:03,NULL,NULL,NULL,NULL,Service revenue - car rental daily - external
บัส - 3 days 2 night (BUS_3DAY_AREA3_BKK),BUS_3DAY_AREA3_BKK,บัส,FIXED,39900,Bangkok Branch,1,1,1,1,1,1,1,6:00:00,23:59:00,24,1/1/2022,12/31/2024,1,NULL,NULL,1,2022-11-19 12:07:03,2022-11-19 12:07:03,NULL,NULL,NULL,NULL,Service revenue - car rental daily - external
บัส - 3 days 2 night (BUS_3DAY_AREA3_CM),BUS_3DAY_AREA3_CM,บัส,FIXED,39900,Chiang Mai Branch,1,1,1,1,1,1,1,6:00:00,23:59:00,24,1/1/2022,12/31/2024,1,NULL,NULL,1,2022-11-19 12:07:03,2022-11-19 12:07:03,NULL,NULL,NULL,NULL,Service revenue - car rental daily - external
บัส - 3 days 2 night (BUS_3DAY_AREA3_PKT),BUS_3DAY_AREA3_PKT,บัส,FIXED,39900,Phuket Branch,1,1,1,1,1,1,1,6:00:00,23:59:00,24,1/1/2022,12/31/2024,1,NULL,NULL,1,2022-11-19 12:07:03,2022-11-19 12:07:03,NULL,NULL,NULL,NULL,Service revenue - car rental daily - external
บัส - 4 days 3 night (BUS_4DAY_AREA1_BKK),BUS_4DAY_AREA1_BKK,บัส,FIXED,39900,Bangkok Branch,1,1,1,1,1,1,1,6:00:00,23:59:00,24,1/1/2022,12/31/2024,1,NULL,NULL,1,2022-11-19 12:07:03,2022-11-19 12:07:03,NULL,NULL,NULL,NULL,Service revenue - car rental daily - external
บัส - 4 days 3 night (BUS_4DAY_AREA1_CM),BUS_4DAY_AREA1_CM,บัส,FIXED,39900,Chiang Mai Branch,1,1,1,1,1,1,1,6:00:00,23:59:00,24,1/1/2022,12/31/2024,1,NULL,NULL,1,2022-11-19 12:07:03,2022-11-19 12:07:03,NULL,NULL,NULL,NULL,Service revenue - car rental daily - external
บัส - 4 days 3 night (BUS_4DAY_AREA1_PKT),BUS_4DAY_AREA1_PKT,บัส,FIXED,39900,Phuket Branch,1,1,1,1,1,1,1,6:00:00,23:59:00,24,1/1/2022,12/31/2024,1,NULL,NULL,1,2022-11-19 12:07:03,2022-11-19 12:07:03,NULL,NULL,NULL,NULL,Service revenue - car rental daily - external
บัส - 4 days 3 night (BUS_4DAY_AREA2_BKK),BUS_4DAY_AREA2_BKK,บัส,FIXED,45600,Bangkok Branch,1,1,1,1,1,1,1,6:00:00,23:59:00,24,1/1/2022,12/31/2024,1,NULL,NULL,1,2022-11-19 12:07:03,2022-11-19 12:07:03,NULL,NULL,NULL,NULL,Service revenue - car rental daily - external
บัส - 4 days 3 night (BUS_4DAY_AREA2_CM),BUS_4DAY_AREA2_CM,บัส,FIXED,45600,Chiang Mai Branch,1,1,1,1,1,1,1,6:00:00,23:59:00,24,1/1/2022,12/31/2024,1,NULL,NULL,1,2022-11-19 12:07:03,2022-11-19 12:07:03,NULL,NULL,NULL,NULL,Service revenue - car rental daily - external
บัส - 4 days 3 night (BUS_4DAY_AREA2_PKT),BUS_4DAY_AREA2_PKT,บัส,FIXED,45600,Phuket Branch,1,1,1,1,1,1,1,6:00:00,23:59:00,24,1/1/2022,12/31/2024,1,NULL,NULL,1,2022-11-19 12:07:03,2022-11-19 12:07:03,NULL,NULL,NULL,NULL,Service revenue - car rental daily - external
บัส - 4 days 3 night (BUS_4DAY_AREA3_BKK),BUS_4DAY_AREA3_BKK,บัส,FIXED,50600,Bangkok Branch,1,1,1,1,1,1,1,6:00:00,23:59:00,24,1/1/2022,12/31/2024,1,NULL,NULL,1,2022-11-19 12:07:03,2022-11-19 12:07:03,NULL,NULL,NULL,NULL,Service revenue - car rental daily - external
บัส - 4 days 3 night (BUS_4DAY_AREA3_CM),BUS_4DAY_AREA3_CM,บัส,FIXED,50600,Chiang Mai Branch,1,1,1,1,1,1,1,6:00:00,23:59:00,24,1/1/2022,12/31/2024,1,NULL,NULL,1,2022-11-19 12:07:03,2022-11-19 12:07:03,NULL,NULL,NULL,NULL,Service revenue - car rental daily - external
บัส - 4 days 3 night (BUS_4DAY_AREA3_PKT),BUS_4DAY_AREA3_PKT,บัส,FIXED,50600,Phuket Branch,1,1,1,1,1,1,1,6:00:00,23:59:00,24,1/1/2022,12/31/2024,1,NULL,NULL,1,2022-11-19 12:07:03,2022-11-19 12:07:03,NULL,NULL,NULL,NULL,Service revenue - car rental daily - external
บัส - Half day (BUS_HALFDAY_BKK),BUS_HALFDAY_BKK,บัส,HOURLY,7500,Bangkok Branch,1,1,1,1,1,1,1,6:00:00,19:00:00,24,1/1/2022,12/31/2024,1,NULL,NULL,1,2022-11-19 12:07:03,2022-11-19 12:07:03,NULL,NULL,NULL,NULL,Service revenue - car rental daily - external
บัส - Half day (BUS_HALFDAY_CM),BUS_HALFDAY_CM,บัส,HOURLY,7500,Chiang Mai Branch,1,1,1,1,1,1,1,6:00:00,19:00:00,24,1/1/2022,12/31/2024,1,NULL,NULL,1,2022-11-19 12:07:03,2022-11-19 12:07:03,NULL,NULL,NULL,NULL,Service revenue - car rental daily - external
บัส - Half day (BUS_HALFDAY_PKT),BUS_HALFDAY_PKT,บัส,HOURLY,7500,Phuket Branch,1,1,1,1,1,1,1,6:00:00,19:00:00,24,1/1/2022,12/31/2024,1,NULL,NULL,1,2022-11-19 12:07:03,2022-11-19 12:07:03,NULL,NULL,NULL,NULL,Service revenue - car rental daily - external
บัส - Transfer (BUS_TRANSFER_BKK),BUS_TRANSFER_BKK,บัส,HOURLY,6000,Bangkok Branch,1,1,1,1,1,1,1,0:00:00,23:59:00,24,1/1/2022,12/31/2024,1,NULL,NULL,1,2022-11-19 12:07:03,2022-11-19 12:07:03,NULL,NULL,NULL,NULL,Service revenue - car rental daily - external
บัส - Transfer (BUS_TRANSFER_CM),BUS_TRANSFER_CM,บัส,HOURLY,6000,Chiang Mai Branch,1,1,1,1,1,1,1,0:00:00,23:59:00,24,1/1/2022,12/31/2024,1,NULL,NULL,1,2022-11-19 12:07:03,2022-11-19 12:07:03,NULL,NULL,NULL,NULL,Service revenue - car rental daily - external
บัส - Transfer (BUS_TRANSFER_PKT),BUS_TRANSFER_PKT,บัส,HOURLY,6000,Phuket Branch,1,1,1,1,1,1,1,0:00:00,23:59:00,24,1/1/2022,12/31/2024,1,NULL,NULL,1,2022-11-19 12:07:03,2022-11-19 12:07:03,NULL,NULL,NULL,NULL,Service revenue - car rental daily - external
ลิมูซีน - ลิมูซีน (รายชั่วโมง) (LI_HOURLY_BKK),LI_HOURLY_BKK,ลิมูซีน,DAILY,1,Bangkok Branch,1,1,1,1,1,1,1,6:00:00,23:59:00,24,NULL,NULL,0,0,NULL,1,2022-11-19 12:07:03,2023-02-23 16:08:15,NULL,NULL,NULL,NULL,Service revenue - car rental daily - external
ลิมูซีน - ลิมูซีน (รายชั่วโมง) (LI_HOURLY_CM),LI_HOURLY_CM,ลิมูซีน,DAILY,1,Chiang Mai Branch,1,1,1,1,1,1,1,6:00:00,23:59:00,24,NULL,NULL,0,0,NULL,1,2022-11-19 12:07:03,2023-02-23 16:08:15,NULL,NULL,NULL,NULL,Service revenue - car rental daily - external
ลิมูซีน - ลิมูซีน (รายชั่วโมง) (LI_HOURLY_PKT),LI_HOURLY_PKT,ลิมูซีน,DAILY,1,Phuket Branch,1,1,1,1,1,1,1,6:00:00,23:59:00,24,NULL,NULL,0,0,NULL,1,2022-11-19 12:07:03,2023-02-23 16:08:15,NULL,NULL,NULL,NULL,Service revenue - car rental daily - external
ลิมูซีน - ลิมูซีน (รายชั่วโมง) (LI_HOURLY_PTY),LI_HOURLY_PTY,ลิมูซีน,DAILY,1,Pattaya Branch,1,1,1,1,1,1,1,6:00:00,23:59:00,24,NULL,NULL,0,0,NULL,1,2022-11-19 12:07:03,2023-02-23 16:08:15,NULL,NULL,NULL,NULL,Service revenue - car rental daily - external
ลิมูซีน - ลิมูซีน (LI_MONTHLY_BKK),LI_MONTHLY_BKK,ลิมูซีน,FIXED,0,Bangkok Branch,1,1,1,1,1,1,1,6:00:00,23:59:00,24,NULL,NULL,0,NULL,NULL,1,2022-11-19 12:07:03,2022-11-19 12:07:03,NULL,NULL,NULL,NULL,Service revenue - car rental monthly - external
ลิมูซีน - ลิมูซีน (LI_MONTHLY_CM),LI_MONTHLY_CM,ลิมูซีน,FIXED,0,Chiang Mai Branch,1,1,1,1,1,1,1,6:00:00,23:59:00,24,NULL,NULL,0,NULL,NULL,1,2022-11-19 12:07:03,2022-11-19 12:07:03,NULL,NULL,NULL,NULL,Service revenue - car rental monthly - external
ลิมูซีน - ลิมูซีน (LI_MONTHLY_PKT),LI_MONTHLY_PKT,ลิมูซีน,FIXED,0,Phuket Branch,1,1,1,1,1,1,1,6:00:00,23:59:00,24,NULL,NULL,0,NULL,NULL,1,2022-11-19 12:07:03,2022-11-19 12:07:03,NULL,NULL,NULL,NULL,Service revenue - car rental monthly - external
ลิมูซีน - ลิมูซีน (LI_MONTHLY_PTY),LI_MONTHLY_PTY,ลิมูซีน,FIXED,0,Pattaya Branch,1,1,1,1,1,1,1,6:00:00,23:59:00,24,NULL,NULL,0,NULL,NULL,1,2022-11-19 12:07:03,2022-11-19 12:07:03,NULL,NULL,NULL,NULL,Service revenue - car rental monthly - external
ลิมูซีน - ลิมูซีน (LI_TRANSFER_ONEWAY_BKK),LI_TRANSFER_ONEWAY_BKK,ลิมูซีน,FIXED,0,Bangkok Branch,1,1,1,1,1,1,1,0:00:00,23:59:00,24,NULL,NULL,0,NULL,NULL,1,2022-11-19 12:07:03,2022-11-19 12:07:03,NULL,NULL,NULL,NULL,Service revenue - car rental daily - external
ลิมูซีน - ลิมูซีน (LI_TRANSFER_ONEWAY_CM),LI_TRANSFER_ONEWAY_CM,ลิมูซีน,FIXED,0,Chiang Mai Branch,1,1,1,1,1,1,1,0:00:00,23:59:00,24,NULL,NULL,0,NULL,NULL,1,2022-11-19 12:07:03,2022-11-19 12:07:03,NULL,NULL,NULL,NULL,Service revenue - car rental daily - external
ลิมูซีน - ลิมูซีน (LI_TRANSFER_ONEWAY_PKT),LI_TRANSFER_ONEWAY_PKT,ลิมูซีน,FIXED,0,Phuket Branch,1,1,1,1,1,1,1,0:00:00,23:59:00,24,NULL,NULL,0,NULL,NULL,1,2022-11-19 12:07:03,2022-11-19 12:07:03,NULL,NULL,NULL,NULL,Service revenue - car rental daily - external
ลิมูซีน - ลิมูซีน (LI_TRANSFER_ONEWAY_PTY),LI_TRANSFER_ONEWAY_PTY,ลิมูซีน,FIXED,0,Pattaya Branch,1,1,1,1,1,1,1,0:00:00,23:59:00,24,NULL,NULL,0,NULL,NULL,1,2022-11-19 12:07:03,2022-11-19 12:07:03,NULL,NULL,NULL,NULL,Service revenue - car rental daily - external
ลิมูซีน - ลิมูซีนไปกลับ (LI_TRANSFER_RETURN_BKK),LI_TRANSFER_RETURN_BKK,ลิมูซีน,FIXED,25000,Bangkok Branch,1,1,1,1,1,1,1,0:00:00,23:59:00,24,NULL,NULL,0,0,NULL,1,2022-11-19 12:07:03,2023-02-05 20:02:07,NULL,NULL,NULL,NULL,Service revenue - car rental daily - external
ลิมูซีน - ลิมูซีนไปกลับ (LI_TRANSFER_RETURN_CM),LI_TRANSFER_RETURN_CM,ลิมูซีน,FIXED,25000,Chiang Mai Branch,1,1,1,1,1,1,1,0:00:00,23:59:00,24,NULL,NULL,0,0,NULL,1,2022-11-19 12:07:03,2023-02-05 20:02:07,NULL,NULL,NULL,NULL,Service revenue - car rental daily - external
ลิมูซีน - ลิมูซีนไปกลับ (LI_TRANSFER_RETURN_PKT),LI_TRANSFER_RETURN_PKT,ลิมูซีน,FIXED,25000,Phuket Branch,1,1,1,1,1,1,1,0:00:00,23:59:00,24,NULL,NULL,0,0,NULL,1,2022-11-19 12:07:03,2023-02-05 20:02:07,NULL,NULL,NULL,NULL,Service revenue - car rental daily - external
ลิมูซีน - ลิมูซีนไปกลับ (LI_TRANSFER_RETURN_PTY),LI_TRANSFER_RETURN_PTY,ลิมูซีน,FIXED,25000,Pattaya Branch,1,1,1,1,1,1,1,0:00:00,23:59:00,24,NULL,NULL,0,0,NULL,1,2022-11-19 12:07:03,2023-02-05 20:02:07,NULL,NULL,NULL,NULL,Service revenue - car rental daily - external
มินิบัส - One day (MN_1DAY_AREA2_BKK),MN_1DAY_AREA2_BKK,มินิโค้ช,DAILY,14400,Bangkok Branch,1,1,1,1,1,1,1,6:00:00,0:00:00,24,1/1/2022,12/31/2024,1,NULL,NULL,1,2022-11-19 12:07:03,2022-11-19 12:07:03,NULL,NULL,NULL,NULL,Service revenue - car rental daily - external
มินิบัส - One day (MN_1DAY_AREA2_CM),MN_1DAY_AREA2_CM,มินิโค้ช,DAILY,14400,Chiang Mai Branch,1,1,1,1,1,1,1,6:00:00,0:00:00,24,1/1/2022,12/31/2024,1,NULL,NULL,1,2022-11-19 12:07:03,2022-11-19 12:07:03,NULL,NULL,NULL,NULL,Service revenue - car rental daily - external
มินิบัส - One day (MN_1DAY_AREA2_PKT),MN_1DAY_AREA2_PKT,มินิโค้ช,DAILY,14400,Phuket Branch,1,1,1,1,1,1,1,6:00:00,0:00:00,24,1/1/2022,12/31/2024,1,NULL,NULL,1,2022-11-19 12:07:03,2022-11-19 12:07:03,NULL,NULL,NULL,NULL,Service revenue - car rental daily - external
มินิบัส - One day (MN_1DAY_AREA3_BKK),MN_1DAY_AREA3_BKK,มินิโค้ช,DAILY,21600,Bangkok Branch,1,1,1,1,1,1,1,6:00:00,0:00:00,24,1/1/2022,12/31/2024,1,NULL,NULL,1,2022-11-19 12:07:03,2022-11-19 12:07:03,NULL,NULL,NULL,NULL,Service revenue - car rental daily - external
มินิบัส - One day (MN_1DAY_AREA3_CM),MN_1DAY_AREA3_CM,มินิโค้ช,DAILY,21600,Chiang Mai Branch,1,1,1,1,1,1,1,6:00:00,0:00:00,24,1/1/2022,12/31/2024,1,NULL,NULL,1,2022-11-19 12:07:03,2022-11-19 12:07:03,NULL,NULL,NULL,NULL,Service revenue - car rental daily - external
มินิบัส - One day (MN_1DAY_AREA3_PKT),MN_1DAY_AREA3_PKT,มินิโค้ช,DAILY,21600,Phuket Branch,1,1,1,1,1,1,1,6:00:00,0:00:00,24,1/1/2022,12/31/2024,1,NULL,NULL,1,2022-11-19 12:07:03,2022-11-19 12:07:03,NULL,NULL,NULL,NULL,Service revenue - car rental daily - external
มินิบัส - One day (MN_1DAYAREA1_BKK),MN_1DAYAREA1_BKK,มินิโค้ช,DAILY,13600,Bangkok Branch,1,1,1,1,1,1,1,6:00:00,0:00:00,24,1/1/2022,12/31/2024,1,NULL,NULL,1,2022-11-19 12:07:03,2022-11-19 12:07:03,NULL,NULL,NULL,NULL,Service revenue - car rental daily - external
มินิบัส - One day (MN_1DAYAREA1_CM),MN_1DAYAREA1_CM,มินิโค้ช,DAILY,13600,Chiang Mai Branch,1,1,1,1,1,1,1,6:00:00,0:00:00,24,1/1/2022,12/31/2024,1,NULL,NULL,1,2022-11-19 12:07:03,2022-11-19 12:07:03,NULL,NULL,NULL,NULL,Service revenue - car rental daily - external
มินิบัส - One day (MN_1DAYAREA1_PKT),MN_1DAYAREA1_PKT,มินิโค้ช,DAILY,13600,Phuket Branch,1,1,1,1,1,1,1,6:00:00,0:00:00,24,1/1/2022,12/31/2024,1,NULL,NULL,1,2022-11-19 12:07:03,2022-11-19 12:07:03,NULL,NULL,NULL,NULL,Service revenue - car rental daily - external
มินิบัส - 2 days 1 night (MN_2DAY_AREA1_BKK),MN_2DAY_AREA1_BKK,มินิโค้ช,FIXED,25900,Bangkok Branch,1,1,1,1,1,1,1,6:00:00,0:00:00,24,1/1/2022,12/31/2024,1,NULL,NULL,1,2022-11-19 12:07:03,2022-11-19 12:07:03,NULL,NULL,NULL,NULL,Service revenue - car rental daily - external
มินิบัส - 2 days 1 night (MN_2DAY_AREA1_CM),MN_2DAY_AREA1_CM,มินิโค้ช,FIXED,25900,Chiang Mai Branch,1,1,1,1,1,1,1,6:00:00,0:00:00,24,1/1/2022,12/31/2024,1,NULL,NULL,1,2022-11-19 12:07:03,2022-11-19 12:07:03,NULL,NULL,NULL,NULL,Service revenue - car rental daily - external
มินิบัส - 2 days 1 night (MN_2DAY_AREA1_PKT),MN_2DAY_AREA1_PKT,มินิโค้ช,FIXED,25900,Phuket Branch,1,1,1,1,1,1,1,6:00:00,0:00:00,24,1/1/2022,12/31/2024,1,NULL,NULL,1,2022-11-19 12:07:03,2022-11-19 12:07:03,NULL,NULL,NULL,NULL,Service revenue - car rental daily - external
มินิบัส - 2 days 1 night (MN_2DAY_AREA2_BKK),MN_2DAY_AREA2_BKK,มินิโค้ช,FIXED,27400,Bangkok Branch,1,1,1,1,1,1,1,6:00:00,0:00:00,24,1/1/2022,12/31/2024,1,NULL,NULL,1,2022-11-19 12:07:03,2022-11-19 12:07:03,NULL,NULL,NULL,NULL,Service revenue - car rental daily - external
มินิบัส - 2 days 1 night (MN_2DAY_AREA2_CM),MN_2DAY_AREA2_CM,มินิโค้ช,FIXED,27400,Chiang Mai Branch,1,1,1,1,1,1,1,6:00:00,0:00:00,24,1/1/2022,12/31/2024,1,NULL,NULL,1,2022-11-19 12:07:03,2022-11-19 12:07:03,NULL,NULL,NULL,NULL,Service revenue - car rental daily - external
มินิบัส - 2 days 1 night (MN_2DAY_AREA2_PKT),MN_2DAY_AREA2_PKT,มินิโค้ช,FIXED,27400,Phuket Branch,1,1,1,1,1,1,1,6:00:00,0:00:00,24,1/1/2022,12/31/2024,1,NULL,NULL,1,2022-11-19 12:07:03,2022-11-19 12:07:03,NULL,NULL,NULL,NULL,Service revenue - car rental daily - external
มินิบัส - 2 days 1 night (MN_2DAY_AREA3_BKK),MN_2DAY_AREA3_BKK,มินิโค้ช,FIXED,29400,Bangkok Branch,1,1,1,1,1,1,1,6:00:00,0:00:00,24,1/1/2022,12/31/2024,1,NULL,NULL,1,2022-11-19 12:07:03,2022-11-19 12:07:03,NULL,NULL,NULL,NULL,Service revenue - car rental daily - external
มินิบัส - 2 days 1 night (MN_2DAY_AREA3_CM),MN_2DAY_AREA3_CM,มินิโค้ช,FIXED,29400,Chiang Mai Branch,1,1,1,1,1,1,1,6:00:00,0:00:00,24,1/1/2022,12/31/2024,1,NULL,NULL,1,2022-11-19 12:07:03,2022-11-19 12:07:03,NULL,NULL,NULL,NULL,Service revenue - car rental daily - external
มินิบัส - 2 days 1 night (MN_2DAY_AREA3_PKT),MN_2DAY_AREA3_PKT,มินิโค้ช,FIXED,29400,Phuket Branch,1,1,1,1,1,1,1,6:00:00,0:00:00,24,1/1/2022,12/31/2024,1,NULL,NULL,1,2022-11-19 12:07:03,2022-11-19 12:07:03,NULL,NULL,NULL,NULL,Service revenue - car rental daily - external
มินิบัส - 2 days 1 night (MN_2DAY_AREA4_BKK),MN_2DAY_AREA4_BKK,มินิโค้ช,FIXED,32900,Bangkok Branch,1,1,1,1,1,1,1,6:00:00,0:00:00,24,1/1/2022,12/31/2024,1,NULL,NULL,1,2022-11-19 12:07:03,2022-11-19 12:07:03,NULL,NULL,NULL,NULL,Service revenue - car rental daily - external
มินิบัส - 2 days 1 night (MN_2DAY_AREA4_CM),MN_2DAY_AREA4_CM,มินิโค้ช,FIXED,32900,Chiang Mai Branch,1,1,1,1,1,1,1,6:00:00,0:00:00,24,1/1/2022,12/31/2024,1,NULL,NULL,1,2022-11-19 12:07:03,2022-11-19 12:07:03,NULL,NULL,NULL,NULL,Service revenue - car rental daily - external
มินิบัส - 2 days 1 night (MN_2DAY_AREA4_PKT),MN_2DAY_AREA4_PKT,มินิโค้ช,FIXED,32900,Phuket Branch,1,1,1,1,1,1,1,6:00:00,0:00:00,24,1/1/2022,12/31/2024,1,NULL,NULL,1,2022-11-19 12:07:03,2022-11-19 12:07:03,NULL,NULL,NULL,NULL,Service revenue - car rental daily - external
มินิบัส - 3 days 2 night (MN_3DAY_AREA1_BKK),MN_3DAY_AREA1_BKK,มินิโค้ช,FIXED,37600,Bangkok Branch,1,1,1,1,1,1,1,6:00:00,0:00:00,24,1/1/2022,12/31/2024,1,NULL,NULL,1,2022-11-19 12:07:03,2022-11-19 12:07:03,NULL,NULL,NULL,NULL,Service revenue - car rental daily - external
มินิบัส - 3 days 2 night (MN_3DAY_AREA1_CM),MN_3DAY_AREA1_CM,มินิโค้ช,FIXED,37600,Chiang Mai Branch,1,1,1,1,1,1,1,6:00:00,0:00:00,24,1/1/2022,12/31/2024,1,NULL,NULL,1,2022-11-19 12:07:03,2022-11-19 12:07:03,NULL,NULL,NULL,NULL,Service revenue - car rental daily - external
มินิบัส - 3 days 2 night (MN_3DAY_AREA1_PKT),MN_3DAY_AREA1_PKT,มินิโค้ช,FIXED,37600,Phuket Branch,1,1,1,1,1,1,1,6:00:00,0:00:00,24,1/1/2022,12/31/2024,1,NULL,NULL,1,2022-11-19 12:07:03,2022-11-19 12:07:03,NULL,NULL,NULL,NULL,Service revenue - car rental daily - external
มินิบัส - 3 days 2 night (MN_3DAY_AREA2_BKK),MN_3DAY_AREA2_BKK,มินิโค้ช,FIXED,39800,Bangkok Branch,1,1,1,1,1,1,1,6:00:00,0:00:00,24,1/1/2022,12/31/2024,1,NULL,NULL,1,2022-11-19 12:07:03,2022-11-19 12:07:03,NULL,NULL,NULL,NULL,Service revenue - car rental daily - external
มินิบัส - 3 days 2 night (MN_3DAY_AREA2_CM),MN_3DAY_AREA2_CM,มินิโค้ช,FIXED,39800,Chiang Mai Branch,1,1,1,1,1,1,1,6:00:00,0:00:00,24,1/1/2022,12/31/2024,1,NULL,NULL,1,2022-11-19 12:07:03,2022-11-19 12:07:03,NULL,NULL,NULL,NULL,Service revenue - car rental daily - external
มินิบัส - 3 days 2 night (MN_3DAY_AREA2_PKT),MN_3DAY_AREA2_PKT,มินิโค้ช,FIXED,39800,Phuket Branch,1,1,1,1,1,1,1,6:00:00,0:00:00,24,1/1/2022,12/31/2024,1,NULL,NULL,1,2022-11-19 12:07:03,2022-11-19 12:07:03,NULL,NULL,NULL,NULL,Service revenue - car rental daily - external
มินิบัส - 3 days 2 night (MN_3DAY_AREA3_BKK),MN_3DAY_AREA3_BKK,มินิโค้ช,FIXED,34250,Bangkok Branch,1,1,1,1,1,1,1,6:00:00,0:00:00,24,1/1/2022,12/31/2024,1,NULL,NULL,1,2022-11-19 12:07:03,2022-11-19 12:07:03,NULL,NULL,NULL,NULL,Service revenue - car rental daily - external
มินิบัส - 3 days 2 night (MN_3DAY_AREA3_CM),MN_3DAY_AREA3_CM,มินิโค้ช,FIXED,34250,Chiang Mai Branch,1,1,1,1,1,1,1,6:00:00,0:00:00,24,1/1/2022,12/31/2024,1,NULL,NULL,1,2022-11-19 12:07:03,2022-11-19 12:07:03,NULL,NULL,NULL,NULL,Service revenue - car rental daily - external
มินิบัส - 3 days 2 night (MN_3DAY_AREA3_PKT),MN_3DAY_AREA3_PKT,มินิโค้ช,FIXED,34250,Phuket Branch,1,1,1,1,1,1,1,6:00:00,0:00:00,24,1/1/2022,12/31/2024,1,NULL,NULL,1,2022-11-19 12:07:03,2022-11-19 12:07:03,NULL,NULL,NULL,NULL,Service revenue - car rental daily - external
มินิบัส - 4 days 3 night (MN_4DAY_AREA1_BKK),MN_4DAY_AREA1_BKK,มินิโค้ช,FIXED,46300,Bangkok Branch,1,1,1,1,1,1,1,6:00:00,0:00:00,24,1/1/2022,12/31/2024,1,NULL,NULL,1,2022-11-19 12:07:03,2022-11-19 12:07:03,NULL,NULL,NULL,NULL,Service revenue - car rental daily - external
มินิบัส - 4 days 3 night (MN_4DAY_AREA1_CM),MN_4DAY_AREA1_CM,มินิโค้ช,FIXED,46300,Chiang Mai Branch,1,1,1,1,1,1,1,6:00:00,0:00:00,24,1/1/2022,12/31/2024,1,NULL,NULL,1,2022-11-19 12:07:03,2022-11-19 12:07:03,NULL,NULL,NULL,NULL,Service revenue - car rental daily - external
มินิบัส - 4 days 3 night (MN_4DAY_AREA1_PKT),MN_4DAY_AREA1_PKT,มินิโค้ช,FIXED,46300,Phuket Branch,1,1,1,1,1,1,1,6:00:00,0:00:00,24,1/1/2022,12/31/2024,1,NULL,NULL,1,2022-11-19 12:07:03,2022-11-19 12:07:03,NULL,NULL,NULL,NULL,Service revenue - car rental daily - external
มินิบัส - 4 days 3 night (MN_4DAY_AREA2_BKK),MN_4DAY_AREA2_BKK,มินิโค้ช,FIXED,49000,Bangkok Branch,1,1,1,1,1,1,1,6:00:00,0:00:00,24,1/1/2022,12/31/2024,1,NULL,NULL,1,2022-11-19 12:07:03,2022-11-19 12:07:03,NULL,NULL,NULL,NULL,Service revenue - car rental daily - external
มินิบัส - 4 days 3 night (MN_4DAY_AREA2_CM),MN_4DAY_AREA2_CM,มินิโค้ช,FIXED,49000,Chiang Mai Branch,1,1,1,1,1,1,1,6:00:00,0:00:00,24,1/1/2022,12/31/2024,1,NULL,NULL,1,2022-11-19 12:07:03,2022-11-19 12:07:03,NULL,NULL,NULL,NULL,Service revenue - car rental daily - external
มินิบัส - 4 days 3 night (MN_4DAY_AREA2_PKT),MN_4DAY_AREA2_PKT,มินิโค้ช,FIXED,49000,Phuket Branch,1,1,1,1,1,1,1,6:00:00,0:00:00,24,1/1/2022,12/31/2024,1,NULL,NULL,1,2022-11-19 12:07:03,2022-11-19 12:07:03,NULL,NULL,NULL,NULL,Service revenue - car rental daily - external
มินิบัส - 4 days 3 night (MN_4DAY_AREA3_BKK),MN_4DAY_AREA3_BKK,มินิโค้ช,FIXED,52200,Bangkok Branch,1,1,1,1,1,1,1,6:00:00,0:00:00,24,1/1/2022,12/31/2024,1,NULL,NULL,1,2022-11-19 12:07:03,2022-11-19 12:07:03,NULL,NULL,NULL,NULL,Service revenue - car rental daily - external
มินิบัส - 4 days 3 night (MN_4DAY_AREA3_CM),MN_4DAY_AREA3_CM,มินิโค้ช,FIXED,52200,Chiang Mai Branch,1,1,1,1,1,1,1,6:00:00,0:00:00,24,1/1/2022,12/31/2024,1,NULL,NULL,1,2022-11-19 12:07:03,2022-11-19 12:07:03,NULL,NULL,NULL,NULL,Service revenue - car rental daily - external
มินิบัส - 4 days 3 night (MN_4DAY_AREA3_PKT),MN_4DAY_AREA3_PKT,มินิโค้ช,FIXED,52200,Phuket Branch,1,1,1,1,1,1,1,6:00:00,0:00:00,24,1/1/2022,12/31/2024,1,NULL,NULL,1,2022-11-19 12:07:03,2022-11-19 12:07:03,NULL,NULL,NULL,NULL,Service revenue - car rental daily - external
มินิบัส - Half day (MN_HALFDAY_BKK),MN_HALFDAY_BKK,มินิโค้ช,HOURLY,8500,Bangkok Branch,1,1,1,1,1,1,1,6:00:00,19:00:00,24,1/1/2022,12/31/2024,1,NULL,NULL,1,2022-11-19 12:07:03,2022-11-19 12:07:03,NULL,NULL,NULL,NULL,Service revenue - car rental daily - external
มินิบัส - Half day (MN_HALFDAY_CM),MN_HALFDAY_CM,มินิโค้ช,HOURLY,8500,Chiang Mai Branch,1,1,1,1,1,1,1,6:00:00,19:00:00,24,1/1/2022,12/31/2024,1,NULL,NULL,1,2022-11-19 12:07:03,2022-11-19 12:07:03,NULL,NULL,NULL,NULL,Service revenue - car rental daily - external
มินิบัส - Half day (MN_HALFDAY_PKT),MN_HALFDAY_PKT,มินิโค้ช,HOURLY,8500,Phuket Branch,1,1,1,1,1,1,1,6:00:00,19:00:00,24,1/1/2022,12/31/2024,1,NULL,NULL,1,2022-11-19 12:07:03,2022-11-19 12:07:03,NULL,NULL,NULL,NULL,Service revenue - car rental daily - external
มินิบัส - Transfer MN (MN_TRANSFER_BKK),MN_TRANSFER_BKK,มินิโค้ช,DAILY,25000,Bangkok Branch,1,1,1,1,1,1,1,0:00:00,23:59:00,24,1/1/2022,12/31/2024,1,0,NULL,1,2022-11-19 12:07:03,2023-02-23 12:57:00,NULL,NULL,NULL,NULL,Service revenue - car rental daily - external
มินิบัส - Transfer MN (MN_TRANSFER_CM),MN_TRANSFER_CM,มินิโค้ช,DAILY,25000,Chiang Mai Branch,1,1,1,1,1,1,1,0:00:00,23:59:00,24,1/1/2022,12/31/2024,1,0,NULL,1,2022-11-19 12:07:03,2023-02-23 12:57:00,NULL,NULL,NULL,NULL,Service revenue - car rental daily - external
มินิบัส - Transfer MN (MN_TRANSFER_PKT),MN_TRANSFER_PKT,มินิโค้ช,DAILY,25000,Phuket Branch,1,1,1,1,1,1,1,0:00:00,23:59:00,24,1/1/2022,12/31/2024,1,0,NULL,1,2022-11-19 12:07:03,2023-02-23 12:57:00,NULL,NULL,NULL,NULL,Service revenue - car rental daily - external
เช่าขับเอง - Selfdrive (SD_DAILY_ALTIS_BKK),SD_DAILY_ALTIS_BKK,เช่าขับเอง,HOURLY,1660,Bangkok Branch,1,1,1,1,1,1,1,8:00:00,20:00:00,15,1/1/2022,12/31/2024,1,NULL,NULL,1,2022-11-19 12:07:03,2022-11-19 12:07:03,NULL,NULL,NULL,NULL,Service revenue - car rental daily - external
เช่าขับเอง - Selfdrive (SD_DAILY_ALTIS_CM),SD_DAILY_ALTIS_CM,เช่าขับเอง,HOURLY,1660,Chiang Mai Branch,1,1,1,1,1,1,1,8:00:00,20:00:00,15,1/1/2022,12/31/2024,1,NULL,NULL,1,2022-11-19 12:07:03,2022-11-19 12:07:03,NULL,NULL,NULL,NULL,Service revenue - car rental daily - external
เช่าขับเอง - Selfdrive (SD_DAILY_ALTIS_CR),SD_DAILY_ALTIS_CR,เช่าขับเอง,HOURLY,1660,Chiang Rai Branch,1,1,1,1,1,1,1,8:00:00,20:00:00,15,1/1/2022,12/31/2024,1,NULL,NULL,1,2022-11-19 12:07:03,2022-11-19 12:07:03,NULL,NULL,NULL,NULL,Service revenue - car rental daily - chiang rai
เช่าขับเอง - Selfdrive (SD_DAILY_ALTIS_PKT),SD_DAILY_ALTIS_PKT,เช่าขับเอง,HOURLY,1660,Phuket Branch,1,1,1,1,1,1,1,8:00:00,20:00:00,15,1/1/2022,12/31/2024,1,NULL,NULL,1,2022-11-19 12:07:03,2022-11-19 12:07:03,NULL,NULL,NULL,NULL,Service revenue - car rental daily - external
เช่าขับเอง - Selfdrive (SD_DAILY_ALTIS_PPD),SD_DAILY_ALTIS_PPD,เช่าขับเอง,HOURLY,1660,Prapadaeng Branch,1,1,1,1,1,1,1,8:00:00,20:00:00,15,1/1/2022,12/31/2024,1,NULL,NULL,1,2022-11-19 12:07:03,2022-11-19 12:07:03,NULL,NULL,NULL,NULL,Service revenue - car rental daily - external
เช่าขับเอง - Selfdrive (SD_DAILY_ALTIS_PTY),SD_DAILY_ALTIS_PTY,เช่าขับเอง,HOURLY,1660,Pattaya Branch,1,1,1,1,1,1,1,8:00:00,20:00:00,15,1/1/2022,12/31/2024,1,NULL,NULL,1,2022-11-19 12:07:03,2022-11-19 12:07:03,NULL,NULL,NULL,NULL,Service revenue - car rental daily - external
เช่าขับเอง - Selfdrive (SD_DAILY_CAMRY_BKK),SD_DAILY_CAMRY_BKK,เช่าขับเอง,HOURLY,2460,Bangkok Branch,1,1,1,1,1,1,1,8:00:00,20:00:00,15,1/1/2022,12/31/2024,1,NULL,NULL,1,2022-11-19 12:07:03,2022-11-19 12:07:03,NULL,NULL,NULL,NULL,Service revenue - car rental daily - external
เช่าขับเอง - Selfdrive (SD_DAILY_CAMRY_CM),SD_DAILY_CAMRY_CM,เช่าขับเอง,HOURLY,2460,Chiang Mai Branch,1,1,1,1,1,1,1,8:00:00,20:00:00,15,1/1/2022,12/31/2024,1,NULL,NULL,1,2022-11-19 12:07:03,2022-11-19 12:07:03,NULL,NULL,NULL,NULL,Service revenue - car rental daily - external
เช่าขับเอง - Selfdrive (SD_DAILY_CAMRY_CR),SD_DAILY_CAMRY_CR,เช่าขับเอง,HOURLY,2460,Chiang Rai Branch,1,1,1,1,1,1,1,8:00:00,20:00:00,15,1/1/2022,12/31/2024,1,NULL,NULL,1,2022-11-19 12:07:03,2022-11-19 12:07:03,NULL,NULL,NULL,NULL,Service revenue - car rental daily - chiang rai
เช่าขับเอง - Selfdrive (SD_DAILY_CAMRY_PKT),SD_DAILY_CAMRY_PKT,เช่าขับเอง,HOURLY,2460,Phuket Branch,1,1,1,1,1,1,1,8:00:00,20:00:00,15,1/1/2022,12/31/2024,1,NULL,NULL,1,2022-11-19 12:07:03,2022-11-19 12:07:03,NULL,NULL,NULL,NULL,Service revenue - car rental daily - external
เช่าขับเอง - Selfdrive (SD_DAILY_CAMRY_PPD),SD_DAILY_CAMRY_PPD,เช่าขับเอง,HOURLY,2460,Prapadaeng Branch,1,1,1,1,1,1,1,8:00:00,20:00:00,15,1/1/2022,12/31/2024,1,NULL,NULL,1,2022-11-19 12:07:03,2022-11-19 12:07:03,NULL,NULL,NULL,NULL,Service revenue - car rental daily - external
เช่าขับเอง - Selfdrive (SD_DAILY_CAMRY_PTY),SD_DAILY_CAMRY_PTY,เช่าขับเอง,HOURLY,2460,Pattaya Branch,1,1,1,1,1,1,1,8:00:00,20:00:00,15,1/1/2022,12/31/2024,1,NULL,NULL,1,2022-11-19 12:07:03,2022-11-19 12:07:03,NULL,NULL,NULL,NULL,Service revenue - car rental daily - external
เช่าขับเอง - Selfdrive (SD_DAILY_CHR_BKK),SD_DAILY_CHR_BKK,เช่าขับเอง,HOURLY,2400,Bangkok Branch,1,1,1,1,1,1,1,8:00:00,20:00:00,15,1/1/2022,12/31/2024,1,NULL,NULL,1,2022-11-19 12:07:03,2022-11-19 12:07:03,NULL,NULL,NULL,NULL,Service revenue - car rental daily - external
เช่าขับเอง - Selfdrive (SD_DAILY_CHR_CM),SD_DAILY_CHR_CM,เช่าขับเอง,HOURLY,2400,Chiang Mai Branch,1,1,1,1,1,1,1,8:00:00,20:00:00,15,1/1/2022,12/31/2024,1,NULL,NULL,1,2022-11-19 12:07:03,2022-11-19 12:07:03,NULL,NULL,NULL,NULL,Service revenue - car rental daily - external
เช่าขับเอง - Selfdrive (SD_DAILY_CHR_CR),SD_DAILY_CHR_CR,เช่าขับเอง,HOURLY,2400,Chiang Rai Branch,1,1,1,1,1,1,1,8:00:00,20:00:00,15,1/1/2022,12/31/2024,1,NULL,NULL,1,2022-11-19 12:07:03,2022-11-19 12:07:03,NULL,NULL,NULL,NULL,Service revenue - car rental daily - chiang rai
เช่าขับเอง - Selfdrive (SD_DAILY_CHR_PKT),SD_DAILY_CHR_PKT,เช่าขับเอง,HOURLY,2400,Phuket Branch,1,1,1,1,1,1,1,8:00:00,20:00:00,15,1/1/2022,12/31/2024,1,NULL,NULL,1,2022-11-19 12:07:03,2022-11-19 12:07:03,NULL,NULL,NULL,NULL,Service revenue - car rental daily - external
เช่าขับเอง - Selfdrive (SD_DAILY_CHR_PPD),SD_DAILY_CHR_PPD,เช่าขับเอง,HOURLY,2400,Prapadaeng Branch,1,1,1,1,1,1,1,8:00:00,20:00:00,15,1/1/2022,12/31/2024,1,NULL,NULL,1,2022-11-19 12:07:03,2022-11-19 12:07:03,NULL,NULL,NULL,NULL,Service revenue - car rental daily - external
เช่าขับเอง - Selfdrive (SD_DAILY_CHR_PTY),SD_DAILY_CHR_PTY,เช่าขับเอง,HOURLY,2400,Pattaya Branch,1,1,1,1,1,1,1,8:00:00,20:00:00,15,1/1/2022,12/31/2024,1,NULL,NULL,1,2022-11-19 12:07:03,2022-11-19 12:07:03,NULL,NULL,NULL,NULL,Service revenue - car rental daily - external
เช่าขับเอง - Selfdrive (SD_DAILY_FORTUNER_BKK),SD_DAILY_FORTUNER_BKK,เช่าขับเอง,HOURLY,3050,Bangkok Branch,1,1,1,1,1,1,1,8:00:00,20:00:00,15,1/1/2022,12/31/2024,1,NULL,NULL,1,2022-11-19 12:07:03,2022-11-19 12:07:03,NULL,NULL,NULL,NULL,Service revenue - car rental daily - external
เช่าขับเอง - Selfdrive (SD_DAILY_FORTUNER_CM),SD_DAILY_FORTUNER_CM,เช่าขับเอง,HOURLY,3050,Chiang Mai Branch,1,1,1,1,1,1,1,8:00:00,20:00:00,15,1/1/2022,12/31/2024,1,NULL,NULL,1,2022-11-19 12:07:03,2022-11-19 12:07:03,NULL,NULL,NULL,NULL,Service revenue - car rental daily - external
เช่าขับเอง - Selfdrive (SD_DAILY_FORTUNER_CR),SD_DAILY_FORTUNER_CR,เช่าขับเอง,HOURLY,3050,Chiang Rai Branch,1,1,1,1,1,1,1,8:00:00,20:00:00,15,1/1/2022,12/31/2024,1,NULL,NULL,1,2022-11-19 12:07:03,2022-11-19 12:07:03,NULL,NULL,NULL,NULL,Service revenue - car rental daily - chiang rai
เช่าขับเอง - Selfdrive (SD_DAILY_FORTUNER_PKT),SD_DAILY_FORTUNER_PKT,เช่าขับเอง,HOURLY,3050,Phuket Branch,1,1,1,1,1,1,1,8:00:00,20:00:00,15,1/1/2022,12/31/2024,1,NULL,NULL,1,2022-11-19 12:07:03,2022-11-19 12:07:03,NULL,NULL,NULL,NULL,Service revenue - car rental daily - external
เช่าขับเอง - Selfdrive (SD_DAILY_FORTUNER_PPD),SD_DAILY_FORTUNER_PPD,เช่าขับเอง,HOURLY,3050,Prapadaeng Branch,1,1,1,1,1,1,1,8:00:00,20:00:00,15,1/1/2022,12/31/2024,1,NULL,NULL,1,2022-11-19 12:07:03,2022-11-19 12:07:03,NULL,NULL,NULL,NULL,Service revenue - car rental daily - external
เช่าขับเอง - Selfdrive (SD_DAILY_FORTUNER_PTY),SD_DAILY_FORTUNER_PTY,เช่าขับเอง,HOURLY,3050,Pattaya Branch,1,1,1,1,1,1,1,8:00:00,20:00:00,15,1/1/2022,12/31/2024,1,NULL,NULL,1,2022-11-19 12:07:03,2022-11-19 12:07:03,NULL,NULL,NULL,NULL,Service revenue - car rental daily - external
เช่าขับเอง - Selfdrive (SD_DAILY_MG3_BKK),SD_DAILY_MG3_BKK,เช่าขับเอง,HOURLY,1150,Bangkok Branch,1,1,1,1,1,1,1,8:00:00,20:00:00,15,1/1/2022,12/31/2024,1,NULL,NULL,1,2022-11-19 12:07:03,2022-11-19 12:07:03,NULL,NULL,NULL,NULL,Service revenue - car rental daily - external
เช่าขับเอง - Selfdrive (SD_DAILY_MG3_CM),SD_DAILY_MG3_CM,เช่าขับเอง,HOURLY,1150,Chiang Mai Branch,1,1,1,1,1,1,1,8:00:00,20:00:00,15,1/1/2022,12/31/2024,1,NULL,NULL,1,2022-11-19 12:07:03,2022-11-19 12:07:03,NULL,NULL,NULL,NULL,Service revenue - car rental daily - external
เช่าขับเอง - Selfdrive (SD_DAILY_MG3_CR),SD_DAILY_MG3_CR,เช่าขับเอง,HOURLY,1150,Chiang Rai Branch,1,1,1,1,1,1,1,8:00:00,20:00:00,15,1/1/2022,12/31/2024,1,NULL,NULL,1,2022-11-19 12:07:03,2022-11-19 12:07:03,NULL,NULL,NULL,NULL,Service revenue - car rental daily - chiang rai
เช่าขับเอง - Selfdrive (SD_DAILY_MG3_PKT),SD_DAILY_MG3_PKT,เช่าขับเอง,HOURLY,1150,Phuket Branch,1,1,1,1,1,1,1,8:00:00,20:00:00,15,1/1/2022,12/31/2024,1,NULL,NULL,1,2022-11-19 12:07:03,2022-11-19 12:07:03,NULL,NULL,NULL,NULL,Service revenue - car rental daily - external
เช่าขับเอง - Selfdrive (SD_DAILY_MG3_PPD),SD_DAILY_MG3_PPD,เช่าขับเอง,HOURLY,1150,Prapadaeng Branch,1,1,1,1,1,1,1,8:00:00,20:00:00,15,1/1/2022,12/31/2024,1,NULL,NULL,1,2022-11-19 12:07:03,2022-11-19 12:07:03,NULL,NULL,NULL,NULL,Service revenue - car rental daily - external
เช่าขับเอง - Selfdrive (SD_DAILY_MG3_PTY),SD_DAILY_MG3_PTY,เช่าขับเอง,HOURLY,1150,Pattaya Branch,1,1,1,1,1,1,1,8:00:00,20:00:00,15,1/1/2022,12/31/2024,1,NULL,NULL,1,2022-11-19 12:07:03,2022-11-19 12:07:03,NULL,NULL,NULL,NULL,Service revenue - car rental daily - external
เช่าขับเอง - Selfdrive (SD_DAILY_MG5_BKK),SD_DAILY_MG5_BKK,เช่าขับเอง,HOURLY,1610,Bangkok Branch,1,1,1,1,1,1,1,8:00:00,20:00:00,15,1/1/2022,12/31/2024,1,NULL,NULL,1,2022-11-19 12:07:03,2022-11-19 12:07:03,NULL,NULL,NULL,NULL,Service revenue - car rental daily - external
เช่าขับเอง - Selfdrive (SD_DAILY_MG5_CM),SD_DAILY_MG5_CM,เช่าขับเอง,HOURLY,1610,Chiang Mai Branch,1,1,1,1,1,1,1,8:00:00,20:00:00,15,1/1/2022,12/31/2024,1,NULL,NULL,1,2022-11-19 12:07:03,2022-11-19 12:07:03,NULL,NULL,NULL,NULL,Service revenue - car rental daily - external
เช่าขับเอง - Selfdrive (SD_DAILY_MG5_CR),SD_DAILY_MG5_CR,เช่าขับเอง,HOURLY,1610,Chiang Rai Branch,1,1,1,1,1,1,1,8:00:00,20:00:00,15,1/1/2022,12/31/2024,1,NULL,NULL,1,2022-11-19 12:07:03,2022-11-19 12:07:03,NULL,NULL,NULL,NULL,Service revenue - car rental daily - chiang rai
เช่าขับเอง - Selfdrive (SD_DAILY_MG5_PKT),SD_DAILY_MG5_PKT,เช่าขับเอง,HOURLY,1610,Phuket Branch,1,1,1,1,1,1,1,8:00:00,20:00:00,15,1/1/2022,12/31/2024,1,NULL,NULL,1,2022-11-19 12:07:03,2022-11-19 12:07:03,NULL,NULL,NULL,NULL,Service revenue - car rental daily - external
เช่าขับเอง - Selfdrive (SD_DAILY_MG5_PPD),SD_DAILY_MG5_PPD,เช่าขับเอง,HOURLY,1610,Prapadaeng Branch,1,1,1,1,1,1,1,8:00:00,20:00:00,15,1/1/2022,12/31/2024,1,NULL,NULL,1,2022-11-19 12:07:03,2022-11-19 12:07:03,NULL,NULL,NULL,NULL,Service revenue - car rental daily - external
เช่าขับเอง - Selfdrive (SD_DAILY_MG5_PTY),SD_DAILY_MG5_PTY,เช่าขับเอง,HOURLY,1610,Pattaya Branch,1,1,1,1,1,1,1,8:00:00,20:00:00,15,1/1/2022,12/31/2024,1,NULL,NULL,1,2022-11-19 12:07:03,2022-11-19 12:07:03,NULL,NULL,NULL,NULL,Service revenue - car rental daily - external
เช่าขับเอง - Selfdrive (SD_DAILY_MGZS_BKK),SD_DAILY_MGZS_BKK,เช่าขับเอง,HOURLY,1840,Bangkok Branch,1,1,1,1,1,1,1,8:00:00,20:00:00,15,1/1/2022,12/31/2024,1,NULL,NULL,1,2022-11-19 12:07:03,2022-11-19 12:07:03,NULL,NULL,NULL,NULL,Service revenue - car rental daily - external
เช่าขับเอง - Selfdrive (SD_DAILY_MGZS_CM),SD_DAILY_MGZS_CM,เช่าขับเอง,HOURLY,1840,Chiang Mai Branch,1,1,1,1,1,1,1,8:00:00,20:00:00,15,1/1/2022,12/31/2024,1,NULL,NULL,1,2022-11-19 12:07:03,2022-11-19 12:07:03,NULL,NULL,NULL,NULL,Service revenue - car rental daily - external
เช่าขับเอง - Selfdrive (SD_DAILY_MGZS_CR),SD_DAILY_MGZS_CR,เช่าขับเอง,HOURLY,1840,Chiang Rai Branch,1,1,1,1,1,1,1,8:00:00,20:00:00,15,1/1/2022,12/31/2024,1,NULL,NULL,1,2022-11-19 12:07:03,2022-11-19 12:07:03,NULL,NULL,NULL,NULL,Service revenue - car rental daily - chiang rai
เช่าขับเอง - Selfdrive (SD_DAILY_MGZS_PKT),SD_DAILY_MGZS_PKT,เช่าขับเอง,HOURLY,1840,Phuket Branch,1,1,1,1,1,1,1,8:00:00,20:00:00,15,1/1/2022,12/31/2024,1,NULL,NULL,1,2022-11-19 12:07:03,2022-11-19 12:07:03,NULL,NULL,NULL,NULL,Service revenue - car rental daily - external
เช่าขับเอง - Selfdrive (SD_DAILY_MGZS_PPD),SD_DAILY_MGZS_PPD,เช่าขับเอง,HOURLY,1840,Prapadaeng Branch,1,1,1,1,1,1,1,8:00:00,20:00:00,15,1/1/2022,12/31/2024,1,NULL,NULL,1,2022-11-19 12:07:03,2022-11-19 12:07:03,NULL,NULL,NULL,NULL,Service revenue - car rental daily - external
เช่าขับเอง - Selfdrive (SD_DAILY_MGZS_PTY),SD_DAILY_MGZS_PTY,เช่าขับเอง,HOURLY,1840,Pattaya Branch,1,1,1,1,1,1,1,8:00:00,20:00:00,15,1/1/2022,12/31/2024,1,NULL,NULL,1,2022-11-19 12:07:03,2022-11-19 12:07:03,NULL,NULL,NULL,NULL,Service revenue - car rental daily - external
เช่าขับเอง - Selfdrive (SD_DAILY_SIENTA_BKK),SD_DAILY_SIENTA_BKK,เช่าขับเอง,HOURLY,1600,Bangkok Branch,1,1,1,1,1,1,1,8:00:00,20:00:00,15,1/1/2022,12/31/2024,1,NULL,NULL,1,2022-11-19 12:07:03,2022-11-19 12:07:03,NULL,NULL,NULL,NULL,Service revenue - car rental daily - external
เช่าขับเอง - Selfdrive (SD_DAILY_SIENTA_CM),SD_DAILY_SIENTA_CM,เช่าขับเอง,HOURLY,1600,Chiang Mai Branch,1,1,1,1,1,1,1,8:00:00,20:00:00,15,1/1/2022,12/31/2024,1,NULL,NULL,1,2022-11-19 12:07:03,2022-11-19 12:07:03,NULL,NULL,NULL,NULL,Service revenue - car rental daily - external
เช่าขับเอง - Selfdrive (SD_DAILY_SIENTA_CR),SD_DAILY_SIENTA_CR,เช่าขับเอง,HOURLY,1600,Chiang Rai Branch,1,1,1,1,1,1,1,8:00:00,20:00:00,15,1/1/2022,12/31/2024,1,NULL,NULL,1,2022-11-19 12:07:03,2022-11-19 12:07:03,NULL,NULL,NULL,NULL,Service revenue - car rental daily - chiang rai
เช่าขับเอง - Selfdrive (SD_DAILY_SIENTA_PKT),SD_DAILY_SIENTA_PKT,เช่าขับเอง,HOURLY,1600,Phuket Branch,1,1,1,1,1,1,1,8:00:00,20:00:00,15,1/1/2022,12/31/2024,1,NULL,NULL,1,2022-11-19 12:07:03,2022-11-19 12:07:03,NULL,NULL,NULL,NULL,Service revenue - car rental daily - external
เช่าขับเอง - Selfdrive (SD_DAILY_SIENTA_PPD),SD_DAILY_SIENTA_PPD,เช่าขับเอง,HOURLY,1600,Prapadaeng Branch,1,1,1,1,1,1,1,8:00:00,20:00:00,15,1/1/2022,12/31/2024,1,NULL,NULL,1,2022-11-19 12:07:03,2022-11-19 12:07:03,NULL,NULL,NULL,NULL,Service revenue - car rental daily - external
เช่าขับเอง - Selfdrive (SD_DAILY_SIENTA_PTY),SD_DAILY_SIENTA_PTY,เช่าขับเอง,HOURLY,1600,Pattaya Branch,1,1,1,1,1,1,1,8:00:00,20:00:00,15,1/1/2022,12/31/2024,1,NULL,NULL,1,2022-11-19 12:07:03,2022-11-19 12:07:03,NULL,NULL,NULL,NULL,Service revenue - car rental daily - external
เช่าขับเอง - Selfdrive (SD_DAILY_VIOS_BKK),SD_DAILY_VIOS_BKK,เช่าขับเอง,HOURLY,1350,Bangkok Branch,1,1,1,1,1,1,1,8:00:00,20:00:00,15,1/1/2022,12/31/2024,1,NULL,NULL,1,2022-11-19 12:07:03,2022-11-19 12:07:03,NULL,NULL,NULL,NULL,Service revenue - car rental daily - external
เช่าขับเอง - Selfdrive (SD_DAILY_VIOS_CM),SD_DAILY_VIOS_CM,เช่าขับเอง,HOURLY,1350,Chiang Mai Branch,1,1,1,1,1,1,1,8:00:00,20:00:00,15,1/1/2022,12/31/2024,1,NULL,NULL,1,2022-11-19 12:07:03,2022-11-19 12:07:03,NULL,NULL,NULL,NULL,Service revenue - car rental daily - external
เช่าขับเอง - Selfdrive (SD_DAILY_VIOS_CR),SD_DAILY_VIOS_CR,เช่าขับเอง,HOURLY,1350,Chiang Rai Branch,1,1,1,1,1,1,1,8:00:00,20:00:00,15,1/1/2022,12/31/2024,1,NULL,NULL,1,2022-11-19 12:07:03,2022-11-19 12:07:03,NULL,NULL,NULL,NULL,Service revenue - car rental daily - chiang rai
เช่าขับเอง - Selfdrive (SD_DAILY_VIOS_PKT),SD_DAILY_VIOS_PKT,เช่าขับเอง,HOURLY,1350,Phuket Branch,1,1,1,1,1,1,1,8:00:00,20:00:00,15,1/1/2022,12/31/2024,1,NULL,NULL,1,2022-11-19 12:07:03,2022-11-19 12:07:03,NULL,NULL,NULL,NULL,Service revenue - car rental daily - external
เช่าขับเอง - Selfdrive (SD_DAILY_VIOS_PPD),SD_DAILY_VIOS_PPD,เช่าขับเอง,HOURLY,1350,Prapadaeng Branch,1,1,1,1,1,1,1,8:00:00,20:00:00,15,1/1/2022,12/31/2024,1,NULL,NULL,1,2022-11-19 12:07:03,2022-11-19 12:07:03,NULL,NULL,NULL,NULL,Service revenue - car rental daily - external
เช่าขับเอง - Selfdrive (SD_DAILY_VIOS_PTY),SD_DAILY_VIOS_PTY,เช่าขับเอง,HOURLY,1350,Pattaya Branch,1,1,1,1,1,1,1,8:00:00,20:00:00,15,1/1/2022,12/31/2024,1,NULL,NULL,1,2022-11-19 12:07:03,2022-11-19 12:07:03,NULL,NULL,NULL,NULL,Service revenue - car rental daily - external
เช่าขับเอง - Selfdrive (SD_DAILY_YARIS_BKK),SD_DAILY_YARIS_BKK,เช่าขับเอง,HOURLY,1270,Bangkok Branch,1,1,1,1,1,1,1,8:00:00,20:00:00,15,1/1/2022,12/31/2024,1,NULL,NULL,1,2022-11-19 12:07:03,2022-11-19 12:07:03,NULL,NULL,NULL,NULL,Service revenue - car rental daily - external
เช่าขับเอง - Selfdrive (SD_DAILY_YARIS_CM),SD_DAILY_YARIS_CM,เช่าขับเอง,HOURLY,1270,Chiang Mai Branch,1,1,1,1,1,1,1,8:00:00,20:00:00,15,1/1/2022,12/31/2024,1,NULL,NULL,1,2022-11-19 12:07:03,2022-11-19 12:07:03,NULL,NULL,NULL,NULL,Service revenue - car rental daily - external
เช่าขับเอง - Selfdrive (SD_DAILY_YARIS_CR),SD_DAILY_YARIS_CR,เช่าขับเอง,HOURLY,1270,Chiang Rai Branch,1,1,1,1,1,1,1,8:00:00,20:00:00,15,1/1/2022,12/31/2024,1,NULL,NULL,1,2022-11-19 12:07:03,2022-11-19 12:07:03,NULL,NULL,NULL,NULL,Service revenue - car rental daily - chiang rai
เช่าขับเอง - Selfdrive (SD_DAILY_YARIS_PKT),SD_DAILY_YARIS_PKT,เช่าขับเอง,HOURLY,1270,Phuket Branch,1,1,1,1,1,1,1,8:00:00,20:00:00,15,1/1/2022,12/31/2024,1,NULL,NULL,1,2022-11-19 12:07:03,2022-11-19 12:07:03,NULL,NULL,NULL,NULL,Service revenue - car rental daily - external
เช่าขับเอง - Selfdrive (SD_DAILY_YARIS_PPD),SD_DAILY_YARIS_PPD,เช่าขับเอง,HOURLY,1270,Prapadaeng Branch,1,1,1,1,1,1,1,8:00:00,20:00:00,15,1/1/2022,12/31/2024,1,NULL,NULL,1,2022-11-19 12:07:03,2022-11-19 12:07:03,NULL,NULL,NULL,NULL,Service revenue - car rental daily - external
เช่าขับเอง - Selfdrive (SD_DAILY_YARIS_PTY),SD_DAILY_YARIS_PTY,เช่าขับเอง,HOURLY,1270,Pattaya Branch,1,1,1,1,1,1,1,8:00:00,20:00:00,15,1/1/2022,12/31/2024,1,NULL,NULL,1,2022-11-19 12:07:03,2022-11-19 12:07:03,NULL,NULL,NULL,NULL,Service revenue - car rental daily - external
เช่าขับเอง - Selfdrive (SD_MONTHLY_ALTIS_BKK),SD_MONTHLY_ALTIS_BKK,เช่าขับเอง,HOURLY,29880,Bangkok Branch,1,1,1,1,1,1,1,8:00:00,20:00:00,15,1/1/2022,12/31/2024,1,NULL,NULL,1,2022-11-19 12:07:03,2022-11-19 12:07:03,NULL,NULL,NULL,NULL,Service revenue - car rental monthly - external
เช่าขับเอง - Selfdrive (SD_MONTHLY_ALTIS_CM),SD_MONTHLY_ALTIS_CM,เช่าขับเอง,HOURLY,29880,Chiang Mai Branch,1,1,1,1,1,1,1,8:00:00,20:00:00,15,1/1/2022,12/31/2024,1,NULL,NULL,1,2022-11-19 12:07:03,2022-11-19 12:07:03,NULL,NULL,NULL,NULL,Service revenue - car rental monthly - external
เช่าขับเอง - Selfdrive (SD_MONTHLY_ALTIS_CR),SD_MONTHLY_ALTIS_CR,เช่าขับเอง,HOURLY,29880,Chiang Rai Branch,1,1,1,1,1,1,1,8:00:00,20:00:00,15,1/1/2022,12/31/2024,1,NULL,NULL,1,2022-11-19 12:07:03,2022-11-19 12:07:03,NULL,NULL,NULL,NULL,Service revenue - car rental monthly - external
เช่าขับเอง - Selfdrive (SD_MONTHLY_ALTIS_PKT),SD_MONTHLY_ALTIS_PKT,เช่าขับเอง,HOURLY,29880,Phuket Branch,1,1,1,1,1,1,1,8:00:00,20:00:00,15,1/1/2022,12/31/2024,1,NULL,NULL,1,2022-11-19 12:07:03,2022-11-19 12:07:03,NULL,NULL,NULL,NULL,Service revenue - car rental monthly - external
เช่าขับเอง - Selfdrive (SD_MONTHLY_ALTIS_PPD),SD_MONTHLY_ALTIS_PPD,เช่าขับเอง,HOURLY,29880,Prapadaeng Branch,1,1,1,1,1,1,1,8:00:00,20:00:00,15,1/1/2022,12/31/2024,1,NULL,NULL,1,2022-11-19 12:07:03,2022-11-19 12:07:03,NULL,NULL,NULL,NULL,Service revenue - car rental monthly - external
เช่าขับเอง - Selfdrive (SD_MONTHLY_ALTIS_PTY),SD_MONTHLY_ALTIS_PTY,เช่าขับเอง,HOURLY,29880,Pattaya Branch,1,1,1,1,1,1,1,8:00:00,20:00:00,15,1/1/2022,12/31/2024,1,NULL,NULL,1,2022-11-19 12:07:03,2022-11-19 12:07:03,NULL,NULL,NULL,NULL,Service revenue - car rental monthly - external
เช่าขับเอง - Selfdrive (SD_MONTHLY_CAMRY_BKK),SD_MONTHLY_CAMRY_BKK,เช่าขับเอง,HOURLY,44280,Bangkok Branch,1,1,1,1,1,1,1,8:00:00,20:00:00,15,1/1/2022,12/31/2024,1,NULL,NULL,1,2022-11-19 12:07:03,2022-11-19 12:07:03,NULL,NULL,NULL,NULL,Service revenue - car rental monthly - external
เช่าขับเอง - Selfdrive (SD_MONTHLY_CAMRY_CM),SD_MONTHLY_CAMRY_CM,เช่าขับเอง,HOURLY,44280,Chiang Mai Branch,1,1,1,1,1,1,1,8:00:00,20:00:00,15,1/1/2022,12/31/2024,1,NULL,NULL,1,2022-11-19 12:07:03,2022-11-19 12:07:03,NULL,NULL,NULL,NULL,Service revenue - car rental monthly - external
เช่าขับเอง - Selfdrive (SD_MONTHLY_CAMRY_CR),SD_MONTHLY_CAMRY_CR,เช่าขับเอง,HOURLY,44280,Chiang Rai Branch,1,1,1,1,1,1,1,8:00:00,20:00:00,15,1/1/2022,12/31/2024,1,NULL,NULL,1,2022-11-19 12:07:03,2022-11-19 12:07:03,NULL,NULL,NULL,NULL,Service revenue - car rental monthly - external
เช่าขับเอง - Selfdrive (SD_MONTHLY_CAMRY_PKT),SD_MONTHLY_CAMRY_PKT,เช่าขับเอง,HOURLY,44280,Phuket Branch,1,1,1,1,1,1,1,8:00:00,20:00:00,15,1/1/2022,12/31/2024,1,NULL,NULL,1,2022-11-19 12:07:03,2022-11-19 12:07:03,NULL,NULL,NULL,NULL,Service revenue - car rental monthly - external
เช่าขับเอง - Selfdrive (SD_MONTHLY_CAMRY_PPD),SD_MONTHLY_CAMRY_PPD,เช่าขับเอง,HOURLY,44280,Prapadaeng Branch,1,1,1,1,1,1,1,8:00:00,20:00:00,15,1/1/2022,12/31/2024,1,NULL,NULL,1,2022-11-19 12:07:03,2022-11-19 12:07:03,NULL,NULL,NULL,NULL,Service revenue - car rental monthly - external
เช่าขับเอง - Selfdrive (SD_MONTHLY_CAMRY_PTY),SD_MONTHLY_CAMRY_PTY,เช่าขับเอง,HOURLY,44280,Pattaya Branch,1,1,1,1,1,1,1,8:00:00,20:00:00,15,1/1/2022,12/31/2024,1,NULL,NULL,1,2022-11-19 12:07:03,2022-11-19 12:07:03,NULL,NULL,NULL,NULL,Service revenue - car rental monthly - external
เช่าขับเอง - Selfdrive (SD_MONTHLY_CHR_BKK),SD_MONTHLY_CHR_BKK,เช่าขับเอง,HOURLY,43200,Bangkok Branch,1,1,1,1,1,1,1,8:00:00,20:00:00,15,1/1/2022,12/31/2024,1,NULL,NULL,1,2022-11-19 12:07:03,2022-11-19 12:07:03,NULL,NULL,NULL,NULL,Service revenue - car rental monthly - external
เช่าขับเอง - Selfdrive (SD_MONTHLY_CHR_CM),SD_MONTHLY_CHR_CM,เช่าขับเอง,HOURLY,43200,Chiang Mai Branch,1,1,1,1,1,1,1,8:00:00,20:00:00,15,1/1/2022,12/31/2024,1,NULL,NULL,1,2022-11-19 12:07:03,2022-11-19 12:07:03,NULL,NULL,NULL,NULL,Service revenue - car rental monthly - external
เช่าขับเอง - Selfdrive (SD_MONTHLY_CHR_CR),SD_MONTHLY_CHR_CR,เช่าขับเอง,HOURLY,43200,Chiang Rai Branch,1,1,1,1,1,1,1,8:00:00,20:00:00,15,1/1/2022,12/31/2024,1,NULL,NULL,1,2022-11-19 12:07:03,2022-11-19 12:07:03,NULL,NULL,NULL,NULL,Service revenue - car rental monthly - external
เช่าขับเอง - Selfdrive (SD_MONTHLY_CHR_PKT),SD_MONTHLY_CHR_PKT,เช่าขับเอง,HOURLY,43200,Phuket Branch,1,1,1,1,1,1,1,8:00:00,20:00:00,15,1/1/2022,12/31/2024,1,NULL,NULL,1,2022-11-19 12:07:03,2022-11-19 12:07:03,NULL,NULL,NULL,NULL,Service revenue - car rental monthly - external
เช่าขับเอง - Selfdrive (SD_MONTHLY_CHR_PPD),SD_MONTHLY_CHR_PPD,เช่าขับเอง,HOURLY,43200,Prapadaeng Branch,1,1,1,1,1,1,1,8:00:00,20:00:00,15,1/1/2022,12/31/2024,1,NULL,NULL,1,2022-11-19 12:07:03,2022-11-19 12:07:03,NULL,NULL,NULL,NULL,Service revenue - car rental monthly - external
เช่าขับเอง - Selfdrive (SD_MONTHLY_CHR_PTY),SD_MONTHLY_CHR_PTY,เช่าขับเอง,HOURLY,43200,Pattaya Branch,1,1,1,1,1,1,1,8:00:00,20:00:00,15,1/1/2022,12/31/2024,1,NULL,NULL,1,2022-11-19 12:07:03,2022-11-19 12:07:03,NULL,NULL,NULL,NULL,Service revenue - car rental monthly - external
เช่าขับเอง - Selfdrive (SD_MONTHLY_FORTUNER_BKK),SD_MONTHLY_FORTUNER_BKK,เช่าขับเอง,HOURLY,54900,Bangkok Branch,1,1,1,1,1,1,1,8:00:00,20:00:00,15,1/1/2022,12/31/2024,1,NULL,NULL,1,2022-11-19 12:07:03,2022-11-19 12:07:03,NULL,NULL,NULL,NULL,Service revenue - car rental monthly - external
เช่าขับเอง - Selfdrive (SD_MONTHLY_FORTUNER_CM),SD_MONTHLY_FORTUNER_CM,เช่าขับเอง,HOURLY,54900,Chiang Mai Branch,1,1,1,1,1,1,1,8:00:00,20:00:00,15,1/1/2022,12/31/2024,1,NULL,NULL,1,2022-11-19 12:07:03,2022-11-19 12:07:03,NULL,NULL,NULL,NULL,Service revenue - car rental monthly - external
เช่าขับเอง - Selfdrive (SD_MONTHLY_FORTUNER_CR),SD_MONTHLY_FORTUNER_CR,เช่าขับเอง,HOURLY,54900,Chiang Rai Branch,1,1,1,1,1,1,1,8:00:00,20:00:00,15,1/1/2022,12/31/2024,1,NULL,NULL,1,2022-11-19 12:07:03,2022-11-19 12:07:03,NULL,NULL,NULL,NULL,Service revenue - car rental monthly - external
เช่าขับเอง - Selfdrive (SD_MONTHLY_FORTUNER_PKT),SD_MONTHLY_FORTUNER_PKT,เช่าขับเอง,HOURLY,54900,Phuket Branch,1,1,1,1,1,1,1,8:00:00,20:00:00,15,1/1/2022,12/31/2024,1,NULL,NULL,1,2022-11-19 12:07:03,2022-11-19 12:07:03,NULL,NULL,NULL,NULL,Service revenue - car rental monthly - external
เช่าขับเอง - Selfdrive (SD_MONTHLY_FORTUNER_PPD),SD_MONTHLY_FORTUNER_PPD,เช่าขับเอง,HOURLY,54900,Prapadaeng Branch,1,1,1,1,1,1,1,8:00:00,20:00:00,15,1/1/2022,12/31/2024,1,NULL,NULL,1,2022-11-19 12:07:03,2022-11-19 12:07:03,NULL,NULL,NULL,NULL,Service revenue - car rental monthly - external
เช่าขับเอง - Selfdrive (SD_MONTHLY_FORTUNER_PTY),SD_MONTHLY_FORTUNER_PTY,เช่าขับเอง,HOURLY,54900,Pattaya Branch,1,1,1,1,1,1,1,8:00:00,20:00:00,15,1/1/2022,12/31/2024,1,NULL,NULL,1,2022-11-19 12:07:03,2022-11-19 12:07:03,NULL,NULL,NULL,NULL,Service revenue - car rental monthly - external
เช่าขับเอง - Selfdrive (SD_MONTHLY_MG3_BKK),SD_MONTHLY_MG3_BKK,เช่าขับเอง,HOURLY,20700,Bangkok Branch,1,1,1,1,1,1,1,8:00:00,20:00:00,15,1/1/2022,12/31/2024,1,NULL,NULL,1,2022-11-19 12:07:03,2022-11-19 12:07:03,NULL,NULL,NULL,NULL,Service revenue - car rental monthly - external
เช่าขับเอง - Selfdrive (SD_MONTHLY_MG3_CM),SD_MONTHLY_MG3_CM,เช่าขับเอง,HOURLY,20700,Chiang Mai Branch,1,1,1,1,1,1,1,8:00:00,20:00:00,15,1/1/2022,12/31/2024,1,NULL,NULL,1,2022-11-19 12:07:03,2022-11-19 12:07:03,NULL,NULL,NULL,NULL,Service revenue - car rental monthly - external
เช่าขับเอง - Selfdrive (SD_MONTHLY_MG3_CR),SD_MONTHLY_MG3_CR,เช่าขับเอง,HOURLY,20700,Chiang Rai Branch,1,1,1,1,1,1,1,8:00:00,20:00:00,15,1/1/2022,12/31/2024,1,NULL,NULL,1,2022-11-19 12:07:03,2022-11-19 12:07:03,NULL,NULL,NULL,NULL,Service revenue - car rental monthly - external
เช่าขับเอง - Selfdrive (SD_MONTHLY_MG3_PKT),SD_MONTHLY_MG3_PKT,เช่าขับเอง,HOURLY,20700,Phuket Branch,1,1,1,1,1,1,1,8:00:00,20:00:00,15,1/1/2022,12/31/2024,1,NULL,NULL,1,2022-11-19 12:07:03,2022-11-19 12:07:03,NULL,NULL,NULL,NULL,Service revenue - car rental monthly - external
เช่าขับเอง - Selfdrive (SD_MONTHLY_MG3_PPD),SD_MONTHLY_MG3_PPD,เช่าขับเอง,HOURLY,20700,Prapadaeng Branch,1,1,1,1,1,1,1,8:00:00,20:00:00,15,1/1/2022,12/31/2024,1,NULL,NULL,1,2022-11-19 12:07:03,2022-11-19 12:07:03,NULL,NULL,NULL,NULL,Service revenue - car rental monthly - external
เช่าขับเอง - Selfdrive (SD_MONTHLY_MG3_PTY),SD_MONTHLY_MG3_PTY,เช่าขับเอง,HOURLY,20700,Pattaya Branch,1,1,1,1,1,1,1,8:00:00,20:00:00,15,1/1/2022,12/31/2024,1,NULL,NULL,1,2022-11-19 12:07:03,2022-11-19 12:07:03,NULL,NULL,NULL,NULL,Service revenue - car rental monthly - external
เช่าขับเอง - Selfdrive (SD_MONTHLY_MG5_BKK),SD_MONTHLY_MG5_BKK,เช่าขับเอง,HOURLY,28980,Bangkok Branch,1,1,1,1,1,1,1,8:00:00,20:00:00,15,1/1/2022,12/31/2024,1,NULL,NULL,1,2022-11-19 12:07:03,2022-11-19 12:07:03,NULL,NULL,NULL,NULL,Service revenue - car rental monthly - external
เช่าขับเอง - Selfdrive (SD_MONTHLY_MG5_CM),SD_MONTHLY_MG5_CM,เช่าขับเอง,HOURLY,28980,Chiang Mai Branch,1,1,1,1,1,1,1,8:00:00,20:00:00,15,1/1/2022,12/31/2024,1,NULL,NULL,1,2022-11-19 12:07:03,2022-11-19 12:07:03,NULL,NULL,NULL,NULL,Service revenue - car rental monthly - external
เช่าขับเอง - Selfdrive (SD_MONTHLY_MG5_CR),SD_MONTHLY_MG5_CR,เช่าขับเอง,HOURLY,28980,Chiang Rai Branch,1,1,1,1,1,1,1,8:00:00,20:00:00,15,1/1/2022,12/31/2024,1,NULL,NULL,1,2022-11-19 12:07:03,2022-11-19 12:07:03,NULL,NULL,NULL,NULL,Service revenue - car rental monthly - external
เช่าขับเอง - Selfdrive (SD_MONTHLY_MG5_PKT),SD_MONTHLY_MG5_PKT,เช่าขับเอง,HOURLY,28980,Phuket Branch,1,1,1,1,1,1,1,8:00:00,20:00:00,15,1/1/2022,12/31/2024,1,NULL,NULL,1,2022-11-19 12:07:03,2022-11-19 12:07:03,NULL,NULL,NULL,NULL,Service revenue - car rental monthly - external
เช่าขับเอง - Selfdrive (SD_MONTHLY_MG5_PPD),SD_MONTHLY_MG5_PPD,เช่าขับเอง,HOURLY,28980,Prapadaeng Branch,1,1,1,1,1,1,1,8:00:00,20:00:00,15,1/1/2022,12/31/2024,1,NULL,NULL,1,2022-11-19 12:07:03,2022-11-19 12:07:03,NULL,NULL,NULL,NULL,Service revenue - car rental monthly - external
เช่าขับเอง - Selfdrive (SD_MONTHLY_MG5_PTY),SD_MONTHLY_MG5_PTY,เช่าขับเอง,HOURLY,28980,Pattaya Branch,1,1,1,1,1,1,1,8:00:00,20:00:00,15,1/1/2022,12/31/2024,1,NULL,NULL,1,2022-11-19 12:07:03,2022-11-19 12:07:03,NULL,NULL,NULL,NULL,Service revenue - car rental monthly - external
เช่าขับเอง - Selfdrive (SD_MONTHLY_MGZS_BKK),SD_MONTHLY_MGZS_BKK,เช่าขับเอง,HOURLY,33120,Bangkok Branch,1,1,1,1,1,1,1,8:00:00,20:00:00,15,1/1/2022,12/31/2024,1,NULL,NULL,1,2022-11-19 12:07:03,2022-11-19 12:07:03,NULL,NULL,NULL,NULL,Service revenue - car rental monthly - external
เช่าขับเอง - Selfdrive (SD_MONTHLY_MGZS_CM),SD_MONTHLY_MGZS_CM,เช่าขับเอง,HOURLY,33120,Chiang Mai Branch,1,1,1,1,1,1,1,8:00:00,20:00:00,15,1/1/2022,12/31/2024,1,NULL,NULL,1,2022-11-19 12:07:03,2022-11-19 12:07:03,NULL,NULL,NULL,NULL,Service revenue - car rental monthly - external
เช่าขับเอง - Selfdrive (SD_MONTHLY_MGZS_CR),SD_MONTHLY_MGZS_CR,เช่าขับเอง,HOURLY,33120,Chiang Rai Branch,1,1,1,1,1,1,1,8:00:00,20:00:00,15,1/1/2022,12/31/2024,1,NULL,NULL,1,2022-11-19 12:07:03,2022-11-19 12:07:03,NULL,NULL,NULL,NULL,Service revenue - car rental monthly - external
เช่าขับเอง - Selfdrive (SD_MONTHLY_MGZS_PKT),SD_MONTHLY_MGZS_PKT,เช่าขับเอง,HOURLY,33120,Phuket Branch,1,1,1,1,1,1,1,8:00:00,20:00:00,15,1/1/2022,12/31/2024,1,NULL,NULL,1,2022-11-19 12:07:03,2022-11-19 12:07:03,NULL,NULL,NULL,NULL,Service revenue - car rental monthly - external
เช่าขับเอง - Selfdrive (SD_MONTHLY_MGZS_PPD),SD_MONTHLY_MGZS_PPD,เช่าขับเอง,HOURLY,33120,Prapadaeng Branch,1,1,1,1,1,1,1,8:00:00,20:00:00,15,1/1/2022,12/31/2024,1,NULL,NULL,1,2022-11-19 12:07:03,2022-11-19 12:07:03,NULL,NULL,NULL,NULL,Service revenue - car rental monthly - external
เช่าขับเอง - Selfdrive (SD_MONTHLY_MGZS_PTY),SD_MONTHLY_MGZS_PTY,เช่าขับเอง,HOURLY,33120,Pattaya Branch,1,1,1,1,1,1,1,8:00:00,20:00:00,15,1/1/2022,12/31/2024,1,NULL,NULL,1,2022-11-19 12:07:03,2022-11-19 12:07:03,NULL,NULL,NULL,NULL,Service revenue - car rental monthly - external
เช่าขับเอง - Selfdrive (SD_MONTHLY_SIENTA_BKK),SD_MONTHLY_SIENTA_BKK,เช่าขับเอง,HOURLY,28800,Bangkok Branch,1,1,1,1,1,1,1,8:00:00,20:00:00,15,1/1/2022,12/31/2024,1,NULL,NULL,1,2022-11-19 12:07:03,2022-11-19 12:07:03,NULL,NULL,NULL,NULL,Service revenue - car rental monthly - external
เช่าขับเอง - Selfdrive (SD_MONTHLY_SIENTA_CM),SD_MONTHLY_SIENTA_CM,เช่าขับเอง,HOURLY,28800,Chiang Mai Branch,1,1,1,1,1,1,1,8:00:00,20:00:00,15,1/1/2022,12/31/2024,1,NULL,NULL,1,2022-11-19 12:07:03,2022-11-19 12:07:03,NULL,NULL,NULL,NULL,Service revenue - car rental monthly - external
เช่าขับเอง - Selfdrive (SD_MONTHLY_SIENTA_CR),SD_MONTHLY_SIENTA_CR,เช่าขับเอง,HOURLY,28800,Chiang Rai Branch,1,1,1,1,1,1,1,8:00:00,20:00:00,15,1/1/2022,12/31/2024,1,NULL,NULL,1,2022-11-19 12:07:03,2022-11-19 12:07:03,NULL,NULL,NULL,NULL,Service revenue - car rental monthly - external
เช่าขับเอง - Selfdrive (SD_MONTHLY_SIENTA_PKT),SD_MONTHLY_SIENTA_PKT,เช่าขับเอง,HOURLY,28800,Phuket Branch,1,1,1,1,1,1,1,8:00:00,20:00:00,15,1/1/2022,12/31/2024,1,NULL,NULL,1,2022-11-19 12:07:03,2022-11-19 12:07:03,NULL,NULL,NULL,NULL,Service revenue - car rental monthly - external
เช่าขับเอง - Selfdrive (SD_MONTHLY_SIENTA_PPD),SD_MONTHLY_SIENTA_PPD,เช่าขับเอง,HOURLY,28800,Prapadaeng Branch,1,1,1,1,1,1,1,8:00:00,20:00:00,15,1/1/2022,12/31/2024,1,NULL,NULL,1,2022-11-19 12:07:03,2022-11-19 12:07:03,NULL,NULL,NULL,NULL,Service revenue - car rental monthly - external
เช่าขับเอง - Selfdrive (SD_MONTHLY_SIENTA_PTY),SD_MONTHLY_SIENTA_PTY,เช่าขับเอง,HOURLY,28800,Pattaya Branch,1,1,1,1,1,1,1,8:00:00,20:00:00,15,1/1/2022,12/31/2024,1,NULL,NULL,1,2022-11-19 12:07:03,2022-11-19 12:07:03,NULL,NULL,NULL,NULL,Service revenue - car rental monthly - external
เช่าขับเอง - Selfdrive (SD_MONTHLY_VIOS_BKK),SD_MONTHLY_VIOS_BKK,เช่าขับเอง,HOURLY,24300,Bangkok Branch,1,1,1,1,1,1,1,8:00:00,20:00:00,15,1/1/2022,12/31/2024,1,NULL,NULL,1,2022-11-19 12:07:03,2022-11-19 12:07:03,NULL,NULL,NULL,NULL,Service revenue - car rental monthly - external
เช่าขับเอง - Selfdrive (SD_MONTHLY_VIOS_CM),SD_MONTHLY_VIOS_CM,เช่าขับเอง,HOURLY,24300,Chiang Mai Branch,1,1,1,1,1,1,1,8:00:00,20:00:00,15,1/1/2022,12/31/2024,1,NULL,NULL,1,2022-11-19 12:07:03,2022-11-19 12:07:03,NULL,NULL,NULL,NULL,Service revenue - car rental monthly - external
เช่าขับเอง - Selfdrive (SD_MONTHLY_VIOS_CR),SD_MONTHLY_VIOS_CR,เช่าขับเอง,HOURLY,24300,Chiang Rai Branch,1,1,1,1,1,1,1,8:00:00,20:00:00,15,1/1/2022,12/31/2024,1,NULL,NULL,1,2022-11-19 12:07:03,2022-11-19 12:07:03,NULL,NULL,NULL,NULL,Service revenue - car rental monthly - external
เช่าขับเอง - Selfdrive (SD_MONTHLY_VIOS_PKT),SD_MONTHLY_VIOS_PKT,เช่าขับเอง,HOURLY,24300,Phuket Branch,1,1,1,1,1,1,1,8:00:00,20:00:00,15,1/1/2022,12/31/2024,1,NULL,NULL,1,2022-11-19 12:07:03,2022-11-19 12:07:03,NULL,NULL,NULL,NULL,Service revenue - car rental monthly - external
เช่าขับเอง - Selfdrive (SD_MONTHLY_VIOS_PPD),SD_MONTHLY_VIOS_PPD,เช่าขับเอง,HOURLY,24300,Prapadaeng Branch,1,1,1,1,1,1,1,8:00:00,20:00:00,15,1/1/2022,12/31/2024,1,NULL,NULL,1,2022-11-19 12:07:03,2022-11-19 12:07:03,NULL,NULL,NULL,NULL,Service revenue - car rental monthly - external
เช่าขับเอง - Selfdrive (SD_MONTHLY_VIOS_PTY),SD_MONTHLY_VIOS_PTY,เช่าขับเอง,HOURLY,24300,Pattaya Branch,1,1,1,1,1,1,1,8:00:00,20:00:00,15,1/1/2022,12/31/2024,1,NULL,NULL,1,2022-11-19 12:07:03,2022-11-19 12:07:03,NULL,NULL,NULL,NULL,Service revenue - car rental monthly - external
เช่าขับเอง - Selfdrive (SD_MONTHLY_YARIS_BKK),SD_MONTHLY_YARIS_BKK,เช่าขับเอง,HOURLY,22860,Bangkok Branch,1,1,1,1,1,1,1,8:00:00,20:00:00,15,1/1/2022,12/31/2024,1,NULL,NULL,1,2022-11-19 12:07:03,2022-11-19 12:07:03,NULL,NULL,NULL,NULL,Service revenue - car rental monthly - external
เช่าขับเอง - Selfdrive (SD_MONTHLY_YARIS_CM),SD_MONTHLY_YARIS_CM,เช่าขับเอง,HOURLY,22860,Chiang Mai Branch,1,1,1,1,1,1,1,8:00:00,20:00:00,15,1/1/2022,12/31/2024,1,NULL,NULL,1,2022-11-19 12:07:03,2022-11-19 12:07:03,NULL,NULL,NULL,NULL,Service revenue - car rental monthly - external
เช่าขับเอง - Selfdrive (SD_MONTHLY_YARIS_CR),SD_MONTHLY_YARIS_CR,เช่าขับเอง,HOURLY,22860,Chiang Rai Branch,1,1,1,1,1,1,1,8:00:00,20:00:00,15,1/1/2022,12/31/2024,1,NULL,NULL,1,2022-11-19 12:07:03,2022-11-19 12:07:03,NULL,NULL,NULL,NULL,Service revenue - car rental monthly - external
เช่าขับเอง - Selfdrive (SD_MONTHLY_YARIS_PKT),SD_MONTHLY_YARIS_PKT,เช่าขับเอง,HOURLY,22860,Phuket Branch,1,1,1,1,1,1,1,8:00:00,20:00:00,15,1/1/2022,12/31/2024,1,NULL,NULL,1,2022-11-19 12:07:03,2022-11-19 12:07:03,NULL,NULL,NULL,NULL,Service revenue - car rental monthly - external
เช่าขับเอง - Selfdrive (SD_MONTHLY_YARIS_PPD),SD_MONTHLY_YARIS_PPD,เช่าขับเอง,HOURLY,22860,Prapadaeng Branch,1,1,1,1,1,1,1,8:00:00,20:00:00,15,1/1/2022,12/31/2024,1,NULL,NULL,1,2022-11-19 12:07:03,2022-11-19 12:07:03,NULL,NULL,NULL,NULL,Service revenue - car rental monthly - external
เช่าขับเอง - Selfdrive (SD_MONTHLY_YARIS_PTY),SD_MONTHLY_YARIS_PTY,เช่าขับเอง,HOURLY,22860,Pattaya Branch,1,1,1,1,1,1,1,8:00:00,20:00:00,15,1/1/2022,12/31/2024,1,NULL,NULL,1,2022-11-19 12:07:03,2022-11-19 12:07:03,NULL,NULL,NULL,NULL,Service revenue - car rental monthly - external
รถตู้ - รถตู้ (VAN_COMMU_BKK),VAN_COMMU_BKK,ลิมูซีน,HOURLY,0,Bangkok Branch,1,1,1,1,1,1,1,6:00:00,23:59:00,24,1/1/2022,12/31/2024,0,NULL,NULL,1,2022-11-19 12:07:03,2022-11-19 12:07:03,NULL,NULL,NULL,NULL,Service revenue - car rental daily - external
รถตู้ - รถตู้ (VAN_COMMU_CM),VAN_COMMU_CM,ลิมูซีน,HOURLY,0,Chiang Mai Branch,1,1,1,1,1,1,1,6:00:00,23:59:00,24,1/1/2022,12/31/2024,0,NULL,NULL,1,2022-11-19 12:07:03,2022-11-19 12:07:03,NULL,NULL,NULL,NULL,Service revenue - car rental daily - external
รถตู้ - รถตู้ (VAN_COMMU_PKT),VAN_COMMU_PKT,ลิมูซีน,HOURLY,0,Phuket Branch,1,1,1,1,1,1,1,6:00:00,23:59:00,24,1/1/2022,12/31/2024,0,NULL,NULL,1,2022-11-19 12:07:03,2022-11-19 12:07:03,NULL,NULL,NULL,NULL,Service revenue - car rental daily - external
รถตู้ - รถตู้ (VAN_COMMU_PPD),VAN_COMMU_PPD,ลิมูซีน,HOURLY,0,Prapadaeng Branch,1,1,1,1,1,1,1,6:00:00,23:59:00,24,1/1/2022,12/31/2024,0,NULL,NULL,1,2022-11-19 12:07:03,2022-11-19 12:07:03,NULL,NULL,NULL,NULL,Service revenue - car rental daily - external
รถตู้ - รถตู้ (VAN_COMMU_PTY),VAN_COMMU_PTY,ลิมูซีน,HOURLY,0,Pattaya Branch,1,1,1,1,1,1,1,6:00:00,23:59:00,24,1/1/2022,12/31/2024,0,NULL,NULL,1,2022-11-19 12:07:03,2022-11-19 12:07:03,NULL,NULL,NULL,NULL,Service revenue - car rental daily - external
รถตู้ - รถตู้ VIP (VAN_VIP_BKK),VAN_VIP_BKK,ลิมูซีน,HOURLY,0,Bangkok Branch,1,1,1,1,1,1,1,6:00:00,23:59:00,24,1/1/2022,12/31/2024,0,NULL,NULL,1,2022-11-19 12:07:03,2022-11-19 12:07:03,NULL,NULL,NULL,NULL,Service revenue - car rental daily - external
รถตู้ - รถตู้ VIP (VAN_VIP_CM),VAN_VIP_CM,ลิมูซีน,HOURLY,0,Chiang Mai Branch,1,1,1,1,1,1,1,6:00:00,23:59:00,24,1/1/2022,12/31/2024,0,NULL,NULL,1,2022-11-19 12:07:03,2022-11-19 12:07:03,NULL,NULL,NULL,NULL,Service revenue - car rental daily - external
รถตู้ - รถตู้ VIP (VAN_VIP_PKT),VAN_VIP_PKT,ลิมูซีน,HOURLY,0,Phuket Branch,1,1,1,1,1,1,1,6:00:00,23:59:00,24,1/1/2022,12/31/2024,0,NULL,NULL,1,2022-11-19 12:07:03,2022-11-19 12:07:03,NULL,NULL,NULL,NULL,Service revenue - car rental daily - external
รถตู้ - รถตู้ VIP (VAN_VIP_PPD),VAN_VIP_PPD,ลิมูซีน,HOURLY,0,Prapadaeng Branch,1,1,1,1,1,1,1,6:00:00,23:59:00,24,1/1/2022,12/31/2024,0,NULL,NULL,1,2022-11-19 12:07:03,2022-11-19 12:07:03,NULL,NULL,NULL,NULL,Service revenue - car rental daily - external
รถตู้ - รถตู้ VIP (VAN_VIP_PTY),VAN_VIP_PTY,ลิมูซีน,HOURLY,0,Pattaya Branch,1,1,1,1,1,1,1,6:00:00,23:59:00,24,1/1/2022,12/31/2024,0,NULL,NULL,1,2022-11-19 12:07:03,2022-11-19 12:07:03,NULL,NULL,NULL,NULL,Service revenue - car rental daily - external